78070,ir
41303,ser
27778,ter
14950,assumir
12229,tornar
11172,passar
9984,fazer
9356,participar
9336,deixar
8710,exercer
7969,eleger
7957,realizar
6968,integrar
6892,haver
6677,promover
6660,nascer
6588,permanecer
6522,nomear
6441,obter
6425,estar
6417,votar
6342,ocupar
6312,iniciar
5992,criar
5438,filiar
5387,seguir
5375,apoiar
5111,dar
4985,casar
4958,formar
4869,apresentar
4770,defender
4695,voltar
4626,ingressar
4569,chegar
4479,substituir
4423,vir
4367,tomar
4313,aprovar
4253,receber
4223,publicar
4125,manter
3961,considerar
3861,transferir
3718,poder
3693,ficar
3674,lançar
3594,disputar
3571,concorrer
3571,candidatar
3471,conseguir
3453,falecer
3418,pelar
3408,afirmar
3377,acusar
3374,declarar
3332,dever
3274,concluir
3202,levar
3066,presidir
3038,derrotar
3001,reunir
2965,empossar
2881,retornar
2834,chamar
2789,afastar
2772,propor
2699,trabalhar
2613,decidir
2598,liderar
2582,ocorrer
2479,acabar
2464,fundar
2456,representar
2429,estabelecer
2416,organizar
2407,encontrar
2390,começar
2379,designar
2371,servir
2346,indicar
2310,ligar
2273,permitir
2255,prever
2236,conhecer
2218,tentar
2104,constituir
2067,contar
2058,dirigir
2021,continuar
2006,renunciar
1980,dedicar
1970,escolher
1929,procurar
1929,manifestar
1915,marcar
1896,instalar
1882,reeleger
1872,envolver
1848,visar
1823,chefiar
1822,provocar
1816,pedir
1809,destacar
1785,destinar
1769,armar
1759,assinar
1733,aceitar
1715,determinar
1708,garantir
1687,enviar
1634,comandar
1545,compor
1541,incluir
1541,impor
1540,definir
1535,impedir
1531,anunciar
1525,colocar
1518,sediar
1486,elaborar
1478,entrar
1467,cursar
1463,ver
1456,atingir
1453,dizer
1414,conceder
1411,atuou
1408,instituir
1407,depor
1398,criticar
1390,desenvolver
1387,instaurar
1386,sair
1385,bacharelar
1384,estudar
1363,denunciar
1350,acompanhar
1295,extinguir
1283,encerrar
1280,caráter
1271,resultar
1210,escrever
1194,investigar
1192,sofrer
1186,anistia
1179,divulgar
1171,transformar
1170,pretender
1168,vincular
1133,encaminhar
1121,pronunciar
1118,combater
1118,alcançar
1113,ameaçar
1096,opor
1083,caber
1080,tratar
1078,surgir
1072,retirar
1050,enfrentar
1033,convocar
1031,perder
1030,licenciar
1019,evitar
1008,solicitar
1008,exigir
999,recusar
983,aumentar
981,suceder
969,abandonar
966,assegurar
949,viajar
948,abrir
947,acessado
937,prestar
936,cassar
934,negar
920,utilizar
918,reduzir
914,vencer
912,coordenar
911,discutir
905,decretar
904,condenar
897,retomar
894,fixar
893,efetivado
893,confirmar
881,conquistar
878,mostrar
877,aposentar
874,cumprir
871,unir
871,dispor
865,desempenhar
860,ganhar
860,comprometer
858,preparar
857,mandar
856,alegar
854,atender
854,ampliar
838,apontar
822,mudar
810,colaborar
809,partir
807,reconhecer
806,sugerir
804,autorizar
800,terminar
800,resolver
799,encarregar
792,romper
787,implantar
787,completar
770,dessar
768,reassumir
767,buscar
764,atar
753,encabeçar
752,apurar
744,responder
744,deflagrar
735,admitir
732,julgar
723,editar
721,obrigar
717,estender
709,comparecer
708,conduzir
698,aliar
694,denominar
693,transmitir
692,referir
689,pertencer
685,gerar
684,construir
682,entregar
680,informar
680,equipar
680,desligar
679,basear
677,diplomar
676,oferecer
675,lutar
672,querer
672,contribuir
669,promulgar
668,alterar
656,conter
652,demitir
650,revelar
650,inaugurar
647,especializar
642,beneficiar
641,rejeitar
636,dividir
631,citar
630,fechar
625,aderir
622,atuar
621,firmar
620,controlar
616,proibir
615,desencadear
613,incorporar
612,derrubar
606,atribuir
603,negociar
595,canalizar
589,identificar
589,elevar
589,decorrer
588,articular
587,deter
582,adquirir
579,pôr
575,submeter
575,limitar
574,produzir
554,viver
547,faltar
547,causar
547,acumular
534,sustentar
530,caracterizar
526,reivindicar
524,prosseguir
520,funcionar
516,aplicar
514,atuando
513,visitar
513,associar
512,concordar
511,registrar
509,possuir
506,usar
505,entender
504,trazer
502,justificar
499,matricular
498,existir
492,eclodir
491,demonstrar
491,consolidar
490,intensificar
484,subordinar
483,exonerar
481,relacionar
470,suprimir
470,empenhar
470,abrigar
469,saber
468,agravar
467,esperar
464,preferir
464,fortalecer
459,aproximar
453,mobilizar
451,concentrar
450,exilar
449,estimular
448,preocupar
446,significar
446,favorecer
443,comunicar
439,suspender
439,distribuir
437,pressionar
437,desincompatibilizar
436,processar
434,analisar
421,intitular
420,interromper
419,reafirmar
419,governar
419,crescer
418,investir
417,sentar
417,regulamentar
416,vender
415,contratar
415,ajudar
414,orientar
413,restabelecer
413,operar
412,regressar
411,praticar
409,desejar
407,explicar
405,localizar
399,superar
398,contrariar
396,culminar
394,implementar
393,modificar
392,redigir
390,graduar
389,falar
388,optar
388,congregar
386,introduzir
386,financiar
386,concretizar
383,convencer
382,morrer
381,atacar
375,examinar
374,discordar
373,incumbir
371,emitir
370,remover
370,reforçar
368,recomendar
368,cogitar
366,aparecer
364,dominar
363,montar
363,general-de-brigada
363,comprar
363,argumentar
362,implicar
361,classificar
359,situar
359,prometer
355,privar
354,executar
352,aproveitar
351,possibilitar
351,acontecer
346,acrescentar
345,ressaltar
339,levantar
339,ferir
335,fornecer
335,conferir
334,intervir
334,anular
331,consistir
329,adotada
329,acentuar
327,ordenar
326,prorrogar
326,gastar
325,eliminar
324,formular
324,embarcar
322,proferir
322,convidar
320,punir
320,agir
320,acirrar
319,vetar
319,acelerar
316,residir
315,observar
314,sancionar
312,insistir
311,recorrer
311,posicionar
311,acreditar
310,mover
310,cometer
309,avaliar
308,baixar
307,precisar
306,pagar
303,parecer
301,facilitar
298,verificar
298,figurar
296,vice-almirante
295,forçar
295,contestar
294,reformar
293,incentivar
292,patrocinar
291,ceder
290,travar
289,dissolver
286,temer
286,deslocar
285,desistir
284,debater
280,responsabilizar
280,prejudicar
279,reagir
277,rebatizado
277,matar
276,noticiar
275,protestar
274,recuperar
269,empreender
269,depender
268,homologar
267,valer
267,enfatizar
265,engajar
263,expor
263,constar
262,lecionou
260,bem-sucedido
259,ler
259,atrair
258,sentir
257,qualificar
257,pregar
256,percorrer
256,liberar
255,preconizar
255,libertar
254,excluir
254,achar
253,comprovar
251,moderar
250,lecionar
250,advogar
247,lembrar
247,impetrar
247,abranger
245,ratificar
245,mencionar
242,destituir
241,restringir
241,diminuir
240,resistir
240,antecipar
240,adequar
239,supor
239,consultar
239,cobrar
238,pleitear
238,desaparecer
237,compreender
237,ausentar
236,viabilizar
236,corresponder
236,acatar
235,ouvir
235,datar
232,reconduzir
231,administrar
230,advertir
229,inspirar
229,explorar
228,invadir
228,durar
227,isolar
224,conclamar
223,irromper
222,interessar
222,cair
220,esclarecer
219,importar
218,cobrir
218,avançar
217,abster
216,proclamar
216,prender
216,disciplinar
216,absolver
215,traduzir
215,proceder
215,expressar
215,adotou
214,revogar
214,reiterar
214,atravessar
213,somar
212,renovar
212,motivar
212,contra-almirante
211,radicar
211,arquivar
210,reorganizar
208,discursar
207,recolher
206,suscitar
206,repetir
206,preservar
206,perceber
206,contrair
205,ultrapassar
205,questionar
205,fracassar
205,aglutinar
204,proporcionar
204,condicionar
204,adotar
203,alertar
202,recém-criado
201,veicular
201,reservar
201,juntar
200,interpretar
200,aguardar
198,solucionar
198,descobrir
195,frustrar
194,assistir
192,dispensar
191,privilegiar
191,acertar
190,enfraquecer
190,assassinar
188,relatar
187,melhorar
186,trocar
186,pensar
185,pesar
185,influenciar
185,entrever
185,encampar
185,adiar
184,lograr
184,fugir
183,variar
183,requerer
183,elogiar
182,cercar
182,aprofundar
181,depositar
180,converter
179,unificar
179,paralisar
179,estruturar
177,rever
177,reprimir
176,sublevar
176,consagrar
173,cruzar
172,propiciar
172,indiciar
170,assessorar
170,acarretar
169,separar
169,prevalecer
168,divergir
166,regular
166,devolver
166,adotado
166,adotadas
165,circular
164,dificultar
164,contornar
164,comentar
163,merecer
163,cunhar
161,lotar
160,prolongar
160,perseguir
159,imprimir
158,surpreender
158,respeitar
158,derivar
157,freqüentou
157,debelar
155,comissionar
154,empregar
154,acolher
152,reclamar
152,formalizar
152,coligar
152,alinhar
150,traçar
150,proteger
150,internar
150,absorver
149,vigorar
149,fiscalizar
149,confiar
148,outorgar
148,coincidir
148,centrar
148,centralizar
148,abalar
147,reformular
147,desvincular
146,marchar
146,generalizar
146,estagiar
146,correr
146,constatar
145,oficializar
145,estipular
145,apreender
143,evidenciar
143,desviar
143,cancelar
143,atrasar
142,neutralizar
141,inscrever
141,conservar
140,consumar
139,dotar
139,aconselhar
138,influir
138,assinalar
137,fundir
137,destruir
137,acometer
136,quebrar
136,desagradar
135,render
135,remunerar
135,precipitar
135,originar
134,despertar
133,sufocar
133,interferir
132,preencher
132,comemorar
132,auxiliar
131,barrar
130,tirar
130,expandir
130,enquadrar
130,anteceder
129,restaurar
129,homenagear
129,endossar
129,conceber
129,celebrar
128,obedecer
128,escapar
128,despedir
127,vedar
127,cuidar
127,conciliar
127,apreciar
126,restar
126,preterir
126,necessitar
125,tender
125,adaptar
124,recuar
124,bater
124,abordar
123,arrecadar
123,alimentar
121,postular
119,reverter
119,remeter
118,ocasionar
118,desembarcar
116,reintegrar
116,espalhar
115,refugiar
115,encouraçar
115,dossiê
114,desmentir
114,cessar
114,assentar
113,provar
113,morar
113,configurar
113,atuado
112,impugnar
112,cerrar
111,agrupar
110,rumar
109,salientar
109,preceder
109,desenrolar
109,comparar
109,bloquear
109,apressar
107,recair
107,gozar
107,combinar
107,apelar
106,reger
106,deliberar
106,compensar
105,tramitar
105,estimar
105,desconhecer
105,atuava
104,inviabilizar
104,inserir
104,competir
104,ascender
103,repassar
103,expedir
102,reabrir
102,abolir
101,privatizar
101,contemplar
101,bombardear
101,atestar
100,prestigiar
100,militar
100,diferenciar
100,custar
99,rebelar
99,pautar
99,ignorar
99,entrevistar
97,sustar
96,saudar
96,programar
96,descartar
96,corrigir
96,conspirar
95,parar
95,efetivada
94,recém-criada
94,herdar
94,gravar
94,delegar
94,contrapor
94,atenuar
93,esvaziar
92,ministrar
92,esquecer
92,difundir
92,cortar
92,capixaba
91,subir
91,sagrar
91,opinar
91,encarar
91,descrever
90,telegrafar
90,industrializar
90,exibir
90,doar
89,solidarizar
89,refutar
89,refinar
89,culpar
88,sobreviver
88,adiantar
87,esgotar
87,desgastar
86,sondar
86,agregar
85,experimentar
85,delinear
85,caminhar
85,avisar
84,repudiar
84,referendar
84,reestruturar
84,desfechar
83,suprir
83,requisitar
83,calcular
83,assalariar
82,satisfazer
82,retardar
82,liquidar
82,esboçar
81,frisar
81,exportar
81,desfrutar
80,penetrar
80,migrar
80,doutorar
79,virar
79,transportar
79,selar
79,estreitar
79,equilibrar
79,distinguir
79,agitar
78,suicidar
78,repercutir
78,recém-empossado
78,estacionar
78,encomendar
78,efetuadas
78,censurar
77,valorizar
77,inclinar
77,impossibilitar
76,exaltar
76,estrear
76,diversificar
76,cotar
76,confundir
76,averiguar
75,tumultuar
75,salvar
75,reproduzir
75,planejar
75,mentir
75,lecionando
75,esconder
75,efetuar
74,subsidiar
74,ressalvar
74,livrar
74,esbarrar
74,efetuada
74,desfazer
74,desarticular
74,confessar
74,aperfeiçoar
73,idealizar
72,transcorrer
72,incidir
72,amparar
71,reter
71,desapropriar
71,defrontar
71,compartilhar
71,adotando
70,repelir
70,movimentar
70,interligar
70,inocentar
70,expulsar
70,declinar
69,refletia
69,explodir
69,evoluir
68,vitimar
68,recompor
68,modernizar
68,lamentar
68,institucionalizar
68,impulsionar
68,forjar
68,consubstanciar
68,clinicar
67,regularizar
67,rechaçar
67,objetivando
67,fomentar
67,englobar
67,emprestar
67,distanciar
67,conversar
67,atuavam
66,resumir
66,legalizar
66,intimar
66,instruir
66,ensinar
66,custear
65,obstruir
65,esmagar
65,capitanear
65,aplaudir
65,agredir
64,reiniciar
64,frequentar
64,findar
64,dir
64,conviver
64,colher
64,alijar
63,reeditar
63,queixar
63,providenciar
63,poupar
63,persistir
63,incriminar
63,hesitar
63,gerir
63,congelar
63,bastar
63,avistar
62,violar
62,colegiado
61,predominar
61,incrementar
61,biografar
61,advir
60,trair
60,respaldar
60,polarizar
60,indeterminar
60,hostilizar
60,guardar
60,condecorar
60,captar
60,abater
59,supervisionar
59,potiguar
59,legislar
59,cooperar
59,conturbar
58,velar
58,recém-eleito
58,provir
58,notabilizar
58,infiltrar
58,descender
58,crer
58,atuaria
58,angariar
58,agradar
57,redefinir
57,indeferir
57,fundamentar
57,freqüentar
57,demorar
57,arregimentar
57,aprisionar
57,andar
56,totalizar
56,torturar
56,radicalizar
56,proscrever
56,induzir
56,facultar
56,desdobrar
56,apropriar
55,sensibilizar
55,minimizar
55,legitimar
55,incompatibilizar
55,habilitar
55,desentender
55,ajustar
55,afiliar
54,saldar
54,marginalizar
54,emergir
54,desrespeitar
54,complementar
54,certificar
54,bondar
53,recriar
53,intermediar
53,explicitar
53,anistiado
53,acrescer
52,versar
52,transcrever
52,girar
52,falhar
52,exceder
52,agraciar
52,aclamar
51,rebater
51,projetou
51,batizada
50,vivendi
50,prevenir
50,isentar
50,htm
50,complicar
50,aprender
49,remontar
49,nortear
49,multiplicar
49,invocar
49,fraudar
49,exortar
49,coibir
49,batizado
49,asilar
48,renegociar
48,perdurar
48,omitir
48,finalizar
48,fabricar
48,estabilizar
48,aventar
48,arcar
48,alistar
48,adotados
47,tardar
47,tado
47,notar
47,instar
47,efetivar
47,cultivar
46,superfaturada
46,restituir
46,recrutar
46,reaparecer
46,premiar
46,inverter
46,hospitalizar
46,dobrar
46,descentralizar
46,deferir
46,costumar
46,alugar
46,acenar
45,tocar
45,tecer
45,resgatar
45,reempossar
45,reajustar
45,perguntar
45,jogar
45,irritar
45,efetuado
45,detalhar
45,consumir
45,conglomerar
45,arrematar
45,aliviar
44,refletiu
44,pressupor
44,incitar
44,esforçar
44,enumerar
44,endereçar
44,ditar
44,deteriorar
44,desfiliar
44,der
44,deportar
43,sepultar
43,redundar
43,ponderar
43,narrar
43,minar
43,interceder
43,detectar
43,desmembrar
43,corretar
43,arrastar
42,simplificar
42,resguardar
42,reconquistar
42,prover
42,manufaturados
42,lenir
42,irradiar
42,expirar
42,equiparar
42,empastelar
42,dinamizar
42,cindir
42,atirar
42,aportar
41,sintetizar
41,ressurgir
41,recém-fundado
41,erguer
41,contabilizar
41,capitalizar
40,subscrever
40,racionalizar
40,perturbar
40,insurgir
40,infringir
40,indagar
40,exagerar
40,ensejar
40,conformar
40,carregar
40,calçar
40,brigadeiro-do-ar
40,banir
40,adoecer
39,sistematizar
39,secretariar
39,prescrever
39,enriquecer
39,engrossar
39,efetuou
39,dissuadir
39,consignar
39,conjugar
39,aparelhar
38,telefonar
38,sanear
38,relegar
38,reconciliar
38,pugnar
38,oscilar
38,manipular
38,interpor
38,ilustrar
38,efetuados
38,duplicar
38,desarmar
38,assolar
37,tanger
37,superfaturados
37,roubar
37,incendiar
37,exprimir
37,estourar
37,especular
37,errar
37,desafiar
37,creditar
37,chocar
37,atentar
37,apelidar
37,alçar
36,vingar
36,recrudescer
36,reconsiderar
36,prosperar
36,projetado
36,indispor
36,foragir
36,extrair
36,estampar
36,desconfiar
36,desalojar
36,apertar
36,animar
36,almejar
35,va
35,tencionar
35,suportar
35,superfaturadas
35,perfazer
35,impressionar
35,emanar
35,dispersar
35,confiscar
35,comportar
35,aquartelar
35,apoderar
35,ancorar
34,seqüestrado
34,sacrificar
34,povoar
34,medir
34,manobrar
34,interpelar
34,inflamar
34,emigrar
34,despontar
34,debilitar
34,confrontar
34,anistiados
33,tramar
33,sufragar
33,reincorporar
33,pacificar
33,oprimir
33,imaginar
33,gear
33,falir
33,ensaiar
33,disseminar
33,disparar
33,desestabilizar
33,desembocar
33,capturar
33,capacitar
33,atuaram
33,alternar
33,alarmar
33,agradecer
32,suspeitar
32,suplantar
32,rir
32,reconstruir
32,reaproximar
32,propugnar
32,naturalizar
32,lidar
32,inovar
32,especificar
32,desmantelar
32,decepcionar
32,confinar
32,comercializar
32,ciar
32,cercear
32,avolumar
32,assustar
32,amenizar
32,amadurecer
32,agilizar
31,vislumbrar
31,segurar
31,provão
31,planejada
31,mergulhar
31,insinuar
31,honrar
31,gover
31,enterrar
31,encobrir
31,demandar
31,convir
31,contrastar
31,apostar
31,apagar
31,aguçar
31,afinar
31,abortar
31,abastecer
30,reprovar
30,protelar
30,desmoralizar
30,descer
30,desbaratar
30,demover
30,demarcar
30,compatibilizar
30,colegiados
30,boicotar
30,atrelar
30,arrolar
29,uniformizar
29,subdividir
29,socorrer
29,sanar
29,queimar
29,propagar
29,pilar
29,objetivava
29,normalizar
29,inteirar
29,entusiasmar
29,efetivou
29,domiciliar
29,disfarçar
29,consentir
29,conflagrar
29,blindar
29,apregoar
29,abdicar
28,ultimar
28,ressentir
28,ressarcir
28,relutar
28,refletindo
28,prescindir
28,planejou
28,orçar
28,jantar
28,freqüentando
28,equivaler
28,encorajar
28,desmontar
28,corroborar
28,alvejar
28,aludir
27,secundar
27,rodar
27,relançar
27,ousar
27,obstar
27,incorrer
27,hospedar
27,gostar
27,flagrar
27,extremar
27,enaltecer
27,educar
27,discriminar
27,desvalorizar
27,desprestigiar
27,concitar
27,comer
27,carecer
27,arrendar
27,afetou
26,transitar
26,sofisticar
26,sindicalizar
26,revoltar
26,remodelar
26,protagonizar
26,plantar
26,planejava
26,partilhar
26,notificar
26,nacionalizar
26,marechal-do-ar
26,focalizar
26,desocupar
26,desferir
26,descontar
26,desautorizar
26,desaconselhar
26,clamar
26,apaziguar
26,alfabetizar
25,zelar
25,tenente-brigadeiro-do-ar
25,reviver
25,repousar
25,popularizar
25,malograr
25,erradicar
25,desiludir
25,descumprir
25,convergir
25,contrabalançar
25,conferenciar
25,alienar
25,afetar
25,acordar
25,acomodar
24,tolerar
24,simpatizar
24,retratar
24,relembrar
24,realçar
24,quitar
24,pedrar
24,pavimentar
24,ofender
24,malsucedido
24,interditar
24,imputar
24,improvisar
24,hipotecar
24,eximir
24,equacionar
24,detonar
24,conceituar
24,colar
24,cantar
24,antitruste
24,afazer
23,tra
23,reatar
23,prenunciar
23,indignar
23,harmonizar
23,falsificar
23,diluir
23,deparar
23,cansar
23,calcar
23,aspirar
23,aprimorar
23,alastrar
22,transplantar
22,taxar
22,surtir
22,sobrar
22,revigorar
22,recordar
22,readmitir
22,projetar
22,presenciar
22,monopolizar
22,jurar
22,intimidar
22,inibir
22,imobilizar
22,federalizar
22,espancar
22,enunciar
22,disponibilizar
22,constranger
22,assemelhar
22,amar
22,afetado
22,adotasse
22,adicionar
22,acampar
21,transcender
21,tar
21,subverter
21,sobrepor
21,selecionados
21,retrucar
21,recém-fundada
21,priorizou
21,interceptar
21,habitar
21,fundear
21,flagelar
21,empatar
21,documentar
21,desorganizar
21,desobedecer
21,desenhar
21,depredar
21,decrescer
21,cristalizar
21,couraçar
21,convulsionar
21,burlar
21,anotar
21,adotaram
21,acobertar
21,acalmar
21,abafar
20,vigiar
20,urbanizar
20,treinar
20,tachar
20,superintender
20,subsecretariar
20,sublinhar
20,sobressair
20,ruir
20,revitalizar
20,refor
20,refletiam
20,recear
20,reavivar
20,protocolou
20,progredir
20,nutrir
20,invalidar
20,franquear
20,externar
20,empolgar
20,discorrer
20,dirimir
20,desobrigar
20,desencorajar
20,deputar
20,cifrar
20,bispo-auxiliar
20,atrapalhar
20,apossar
20,alargar
20,adotavam
20,abaixo-assinado
19,tutelar
19,triunfar
19,testar
19,subsistir
19,subornar
19,sinalizar
19,secr
19,sacar
19,revestir
19,reorientar
19,refletir
19,refazer
19,redobrar
19,recomeçar
19,readquirir
19,piorar
19,pesquisar
19,misturar
19,mediar
19,furtar
19,expurgar
19,encarnar
19,despachar
19,desfilar
19,desaprovar
19,cumprimentar
19,controverter
19,calar
19,avalizar
19,arrefecer
19,armazenar
19,antever
19,adir
18,ventilar
18,triplicar
18,transigir
18,tados
18,sequestrar
18,rezar
18,reintroduzir
18,reingressou
18,reaver
18,portar
18,persuadir
18,pegar
18,infligir
18,extrapolar
18,evocar
18,encarcerar
18,embutir
18,divorciar
18,desertar
18,delimitar
18,concursado
18,colegiada
18,capitular
18,atua
18,arriscar
18,apadrinhar
18,ajuizar
18,adotassem
17,vaiar
17,tou
17,tarar
17,simbolizar
17,recolocar
17,reagrupar
17,munir
17,leiloar
17,lecionava
17,lecionado
17,inspecionar
17,flexibilizar
17,exacerbar
17,evadir
17,esquivar
17,escoltar
17,endividar
17,encetar
17,desqualificar
17,desprezar
17,desconsiderar
17,cosipar
17,circunscrever
17,atuasse
17,atropelar
17,amotinar
17,afetados
17,adotava
17,acalentar
17,abraçar
16,transpor
16,tam
16,sonhar
16,saquear
16,saltar
16,revisar
16,retransmitir
16,recém-falecido
16,reacender
16,priorizar
16,presumir
16,pormenorizar
16,pairar
16,onerar
16,multar
16,mortem
16,moralizar
16,major-brigadeiro-do-ar
16,louvar
16,informatizar
16,granjear
16,frear
16,fragmentar
16,feve
16,emendar
16,edificar
16,dormir
16,diferir
16,dialogar
16,desvendar
16,desacreditar
16,coroar
16,concursados
16,computar
16,colidir
16,auferir
16,atracar
16,arrancar
16,afetaram
16,acionou
16,acionar
15,torpedear
15,testemunhar
15,sumir
15,salvaguardar
15,revezar
15,recém-nomeado
15,recém-formado
15,rebaixar
15,prefixar
15,politicar
15,pintar
15,padronizar
15,ocultar
15,obstinar
15,liar
15,ja
15,inquirir
15,indenizar
15,gerenciar
15,empobrecer
15,emperrar
15,dissociar
15,diagnosticar
15,desinteressar
15,descasar
15,descaracterizar
15,demolir
15,deduzir
15,compactuar
15,civilizar
15,ceu
15,castigar
15,bem-sucedidas
15,babaçu
15,ater
15,anexar
15,afetavam
14,voar
14,valorar
14,tranqüilizar
14,tombar
14,sortear
14,solapar
14,sabotar
14,repartir
14,reinvestir
14,reinar
14,recompensar
14,pou
14,politizar
14,perpetuar
14,pender
14,oficiar
14,minorar
14,ju
14,irar
14,impregnar
14,guarnecer
14,fiar
14,feder
14,expropriar
14,estremecer
14,engendrar
14,empunhar
14,desmobilizar
14,desmascarar
14,corporificar
14,congratular
14,confidenciar
14,concunhado
14,concernir
14,colorir
14,coagir
14,beber
14,atualizar
14,assimilar
14,aliciar
14,alar
14,afetava
14,afetadas
13,viciar
13,vam
13,truncar
13,transparecer
13,trancar
13,sujeitar
13,subvencionar
13,solidificar
13,sintonizar
13,simular
13,silenciar
13,seriar
13,revalidar
13,retrair
13,repreender
13,reportar
13,repensar
13,reerguer
13,reativar
13,pulverizar
13,prontificar
13,postergar
13,perdoar
13,penalizar
13,patentear
13,ostentar
13,mirar
13,metralhar
13,materializar
13,lesar
13,legar
13,lecionaria
13,irrigar
13,ironizar
13,inundar
13,guiar
13,fotografar
13,fortificar
13,folgar
13,focar
13,exata
13,estancar
13,enfeixar
13,emancipar
13,efetuando
13,economizar
13,dilatar
13,desenfrear
13,desanimar
13,corromper
13,correlatar
13,coadunar
13,carrear
13,barganhar
13,assediar
13,arruinar
13,aplacar
13,aflorar
13,acorrer
13,abrandar
12,vestir
12,validar
12,usufruir
12,urgir
12,trilhar
12,tabelar
12,sobrevir
12,sitiar
12,sacudir
12,rou
12,revidar
12,retroceder
12,ressuscitar
12,renascer
12,reequilibrar
12,reconstituir
12,rasgar
12,propalar
12,primar
12,permear
12,parcelar
12,negligenciar
12,modular
12,lavrar
12,insuflar
12,instigar
12,galvanizar
12,fuzilar
12,exemplificar
12,espelhar
12,entear
12,enganar
12,endurecer
12,encar
12,emboscar
12,dizimar
12,distorcer
12,despender
12,desincumbir
12,desempregar
12,desculpar
12,cooptar
12,conti
12,contemporizar
12,contatar
12,caras-pintadas
12,apaixonar
12,anistiar
12,ambientar
12,ambicionar
12,alicerçar
12,afundar
12,afetando
12,adestrar
12,acidentar
12,abastar
12,abarcar
11,zarpar
11,vice-rei
11,varrer
11,torcer
11,torar
11,tipificar
11,semi-árido
11,selecionar
11,selecionado
11,sado
11,rolar
11,rem
11,refletiram
11,reencontrar
11,recém-instalado
11,reavaliar
11,reativou
11,reabilitar
11,provisionar
11,pré-candidata
11,planificar
11,planejadas
11,perpetrar
11,olhar
11,litar
11,lacrar
11,inquietar
11,imitar
11,habituar
11,grampear
11,golpear
11,freqüentava
11,fardar
11,ex-presos
11,estigmatizar
11,escalar
11,equivocar
11,entravar
11,encher
11,empurrar
11,embargar
11,elucidar
11,dissipar
11,democratizar
11,degolar
11,danificar
11,contrabandear
11,coexistir
11,car
11,balear
11,assaltar
11,asfaltar
11,apedrejar
11,apanhar
11,anti-semita
11,amargar
11,afrontar
11,afigurar
11,admirar
11,acossar
11,acantonar
11,abusar
10,viçar
10,sonegar
10,sobrecarregar
10,selecionadas
10,satirizar
10,sabatinar
10,repor
10,reparar
10,renomado
10,rebatizada
10,principiar
10,precaver
10,placar
10,pecar
10,orgulhar
10,obstaculizar
10,mutirão
10,miar
10,mexer
10,mecanizar
10,mal-entendido
10,maldizer
10,lucrar
10,lizar
10,laminar
10,insultar
10,incomodar
10,historiar
10,gritar
10,gravitar
10,favelados
10,familiarizar
10,estranhar
10,escravizar
10,enxergar
10,entabular
10,enraizar
10,encarecer
10,embaraçar
10,embalar
10,efetuasse
10,duvidar
10,direcionadas
10,desmilitarizar
10,desfigurar
10,desestimular
10,descuidar
10,descontentar
10,desamparar
10,desabrigar
10,depurar
10,depu
10,costurar
10,contaminar
10,condensar
10,comutar
10,compelir
10,cingir
10,cacicar
10,bre
10,bem-sucedidos
10,balizar
10,autodidata
10,atuam
10,ativar
10,arrebatar
10,anistiando
10,amortecer
10,alongar
10,alojar
10,alocados
10,almoçar
10,aglomerar
10,agenciar
10,afrouxar
10,adulterar
10,acionado
10,acalorar
9,xou
9,vazar
9,usurpar
9,tributar
9,trasladar
9,tolher
9,tada
9,suar
9,sentenciar
9,sacramentar
9,rivalizar
9,ridicularizar
9,revolucionar
9,revender
9,reu
9,rescindir
9,reinstalar
9,redistribuir
9,recepcionou
9,recandidatar
9,realocar
9,projetados
9,pressentir
9,planejavam
9,pilotar
9,parabenizar
9,nou
9,não-alinhados
9,mutilar
9,municiar
9,motorizar
9,memoriar
9,médico-legista
9,mear
9,mada
9,lotear
9,juramentado
9,janei
9,intrincar
9,imperar
9,imotivada
9,globalizar
9,galgar
9,fretar
9,freqüentado
9,florescer
9,filar
9,extorquir
9,estocar
9,erigir
9,envidar
9,entrosar
9,emocionar
9,dissimular
9,direcionado
9,desprover
9,despencar
9,desordenar
9,desesperar
9,desequilibrar
9,desativado
9,desativada
9,corroer
9,convencionar
9,contentar
9,contactar
9,comerciar
9,coletar
9,cobiçar
9,bipartir
9,baratear
9,atuassem
9,arranjar
9,anoitecer
9,anistiou
9,amainar
9,aguerrir
9,adotam
8,ve
8,vacilar
8,tranqüilizou
8,subtrair
8,soltar
8,semi-aberto
8,seduzir
8,retribuir
8,republicar
8,renegar
8,remir
8,regionalizar
8,refluir
8,redimensionar
8,reciclar
8,rante
8,puir
8,proliferar
8,projetando
8,presentear
8,premer
8,pontuar
8,polemizar
8,pescar
8,naufragar
8,modelar
8,mindo
8,lsidoro
8,lavar
8,juizados
8,injustificar
8,iludir
8,ilibar
8,hidrovia
8,gressou
8,grassar
8,generais-de-brigada
8,ge
8,ganizar
8,flutuar
8,filmar
8,festejar
8,felicitar
8,exercitar
8,estarrecer
8,escutar
8,escoar
8,envergar
8,entrincheirar
8,encarniçar
8,efetivando
8,efetivadas
8,direcionar
8,dimensionar
8,desorientar
8,desobstruir
8,desmanchar
8,descarregar
8,desagregar
8,desafogar
8,desabar
8,delegado-auxiliar
8,degradar
8,deformar
8,cou
8,cortejar
8,contra-atacou
8,congênere
8,confeccionar
8,conectar
8,cognominar
8,codificar
8,cear
8,autuar
8,autoproclamar
8,auto-intitulado
8,atualizado
8,ativi
8,arbitrar
8,aquecer
8,antepassar
8,ansiar
8,aniquilar
8,amortizar
8,am
8,afugentar
8,aferir
8,acuar
8,acostumar
8,á
7,zada
7,universalizar
7,submergir
7,subjugar
7,subestimar
7,sobrevoar
7,sobrevalorizar
7,siste
7,sedimentar
7,reputar
7,repugnar
7,reinstaurou
7,refletisse
7,reexaminar
7,reequipar
7,recém-adquirido
7,recambiar
7,reaparelhar
7,rado
7,quadruplicar
7,projetava
7,princi
7,premeditar
7,preestabelecer
7,pousar
7,potencializar
7,pontificar
7,picar
7,papar
7,ofertar
7,objetivavam
7,navio-auxiliar
7,namorar
7,monitorar
7,molhar
7,meter
7,limpar
7,inutilizar
7,interrogar
7,internacionalizar
7,infundir
7,inflar
7,indenizados
7,incapacitar
7,iluminar
7,igualar
7,hierarquizar
7,furar
7,federar
7,fascinar
7,falsear
7,fadar
7,extravasar
7,exe
7,excetuando
7,exaurir
7,estatuir
7,enviuvar
7,engolir
7,enfocar
7,encenar
7,efetuaria
7,distrair
7,discernir
7,direcionados
7,detetive
7,desvirtuar
7,desquitar
7,desposar
7,despir
7,desonerar
7,desmerecer
7,descontrolar
7,descansar
7,descaber
7,desburocratizar
7,desativar
7,desaguar
7,deplorar
7,decifrar
7,decair
7,curvar
7,credenciou
7,conveniados
7,comungar
7,comissariar
7,combalir
7,coligir
7,cendo
7,candi
7,berto
7,batizou
7,avocar
7,atualizou
7,atribular
7,atemorizar
7,asfixiar
7,arrepender
7,apóiam
7,anistiava
7,amarrar
7,alinhavar
7,afligir
7,afixar
7,aceder
7,abreviar
6,zerar
6,zado
6,vibrar
6,vado
6,transpirar
6,transgredir
6,ticipou
6,tênue
6,sucumbir
6,suavizar
6,sobrepujar
6,soar
6,sindicar
6,seqüestrar
6,semear
6,rotular
6,retificar
6,replicar
6,renomear
6,relaxar
6,relativizar
6,reinstaurar
6,refrear
6,reform
6,redimir
6,recém-instaurado
6,recém-iniciado
6,recém-chegado
6,raer
6,puxar
6,projetaram
6,professar
6,priorizando
6,prefaciar
6,postar
6,planejaram
6,personificar
6,personalizar
6,perfurar
6,perecer
6,pater
6,ovacionar
6,opar
6,navegar
6,nationalism
6,miu
6,mitigar
6,meditar
6,mascarar
6,manir
6,macedada
6,ludibriar
6,largar
6,intranqüilizar
6,impelir
6,humanizar
6,freqüentavam
6,falimentar
6,exer
6,ex-aliado
6,evangelizar
6,evacuar
6,esmorecer
6,esfacelar
6,encaixar
6,efetivassem
6,efetivasse
6,efetivaram
6,divertir
6,difamar
6,devastar
6,despreparado
6,desfraldar
6,desfavorecer
6,desencantar
6,desembolsar
6,descongelar
6,desapontar
6,deprimir
6,denegar
6,dem
6,cultuar
6,cristianizar
6,copiar
6,conscientizar
6,confluir
6,confabular
6,comprimir
6,coletadas
6,cir
6,cipou
6,cavar
6,carta-circular
6,cam
6,brotar
6,britar
6,brigar
6,avizinhar
6,auto-sustentado
6,atuariam
6,atualizando
6,atualizados
6,atualizadas
6,atualizada
6,ativou
6,ativado
6,aparentar
6,aparar
6,alvorecer
6,afluir
6,afiançar
6,adotarem
6,adorar
6,adendo
6,acudir
6,acionados
6,acionada
6,abonar
5,verberar
5,vaticinar
5,vasculhar
5,vagar
5,tupir
5,timbrar
5,temperar
5,teleguiar
5,tava
5,sumariar
5,seqüestraram
5,semiárido
5,sar
5,rondar
5,revistar
5,reverenciar
5,retocar
5,reposicionar
5,reordenar
5,renomados
5,remediar
5,remanejando
5,reingressar
5,reimplantar
5,regredir
5,refundar
5,refletida
5,refletem
5,reestudar
5,redemocratizar
5,recém-promovido
5,recém-privatizada
5,recém-nascidos
5,recém-formada
5,recém-constituído
5,rearticulada
5,reapresentou
5,rar
5,rajar
5,rachar
5,quantificar
5,qua
5,público-privadas
5,proletarizar
5,projetadas
5,proi
5,presidencia
5,presentar
5,popula
5,pontilhar
5,policiar
5,planejando
5,pisar
5,perseverar
5,perpassar
5,patrulhar
5,partidá
5,padecer
5,obscurecer
5,nhou
5,não-concursados
5,moldar
5,minutar
5,mesclar
5,maximizar
5,manchar
5,magoar
5,listou
5,licitar
5,ladear
5,juizado
5,irmanar
5,inventar
5,intrometer
5,interiorizar
5,intercalar
5,intentar
5,instrumentalizar
5,individualizar
5,imigrar
5,imbuir
5,humilhar
5,guindar
5,fustigar
5,frutificar
5,fragilizar
5,financei
5,farpar
5,execrar
5,estrangular
5,estiolar
5,esterilizar
5,espantar
5,escavar
5,escancarar
5,escalonar
5,er
5,enveredar
5,entornar
5,engavetar
5,encurtar
5,encimar
5,encartar
5,encanar
5,embasar
5,efetuava
5,efetuaram
5,dramatizar
5,diver
5,direcionada
5,digladiar
5,deturpar
5,desvairar
5,desunir
5,despejar
5,desmoronar
5,desintegrar
5,descurar
5,deitar
5,defasados
5,deci
5,conveniadas
5,contatado
5,condir
5,compilar
5,comedir
5,comboiar
5,clausular
5,center
5,catar
5,catalogar
5,blecaute
5,beijar
5,batalhar
5,auxílio-moradia
5,atuarem
5,atormentar
5,ativida
5,asseverar
5,assar
5,arrogar
5,argüindo
5,aquiescer
5,antepor
5,amordaçar
5,amedrontar
5,alavancar
5,alardear
5,agendar
5,afortunar
5,afetariam
5,acionando
5,acautelar
5,abaixo-assinados
4,www.mar.mil.br/foraer/luto_aviacao.htm
4,war
4,vilipendiar
4,viger
4,varar
4,urdir
4,unar
4,transfor
4,terceirizadas
4,tarifaço
4,tapar
4,tando
4,talar
4,tadas
4,surrar
4,superpor
4,superfaturado
4,soterrar
4,socializar
4,siderar
4,setem
4,serenar
4,secretá
4,reunificar
4,respirar
4,requintar
4,remanejar
4,reivindi
4,reinterpretar
4,reinstaurado
4,reingressando
4,reinaugurar
4,regatear
4,refundir
4,reformu
4,refinanciar
4,reescalonar
4,reembolsar
4,reeducar
4,redesenhar
4,recontratar
4,recobrar
4,recém-saídos
4,recém-inaugurado
4,recém-inaugurada
4,recém-implantado
4,recém-criadas
4,recém-aprovado
4,rebatizou
4,reativando
4,reativado
4,rando
4,rados
4,racionar
4,raciocinar
4,pular
4,protocolaram
4,protocolado
4,pró-anistia
4,priorizava
4,prepor
4,prefei
4,planejarem
4,planeja
4,pichavam
4,perfilhar
4,perfilar
4,pedagiadas
4,patrionovistas
4,pastorar
4,parir
4,pactuar
4,otimizar
4,orquestrar
4,odiar
4,nuava
4,nham
4,nhado
4,neceu
4,nar
4,não-qualificada
4,musicar
4,municipalizar
4,mir
4,metrôs
4,mentar
4,matizar
4,margear
4,maneceu
4,malsucedidas
4,majorados
4,liberalizar
4,joalheria
4,interdizer
4,injetou
4,injetar
4,ingênua
4,inferir
4,inexistiam
4,inabilitar
4,hipertrofiar
4,guiu
4,grupar
4,gratificar
4,grando
4,gomar
4,gerenciado
4,gebar
4,gar
4,gamar
4,fumar
4,freou
4,fracionado
4,fluir
4,filtrar
4,faturar
4,extr
4,extingüiu
4,ex-preso
4,exorbitar
4,excomungar
4,exasperar
4,estrelar
4,estrangei
4,estagnar
4,espoliar
4,espionar
4,esfriar
4,escassear
4,envergonhar
4,envelhecer
4,entoar
4,entardecer
4,enredar
4,enlutar
4,engordar
4,engenheiro-auxiliar
4,enfocavam
4,enfocando
4,encurralar
4,encantar
4,emplacar
4,empedernir
4,embasado
4,drenar
4,doutrinar
4,dosar
4,dissentir
4,discrepar
4,direcionou
4,diada
4,devotar
4,devassar
4,detestar
4,destronar
4,desproteger
4,despojar
4,desonrar
4,deslanchar
4,desgostar
4,desfalcar
4,desestimulou
4,desestimulando
4,desassistir
4,desanuviar
4,desacelerar
4,desabrir
4,derrogar
4,denotar
4,denegrir
4,democrá
4,delatar
4,degenerar
4,debandar
4,dançar
4,curar
4,çou
4,contra-argumentou
4,constitucionalizar
4,consorciar
4,conside
4,congestionar
4,confederar
4,cominar
4,coletado
4,chutar
4,chorar
4,charge
4,chantagear
4,chancelar
4,cernar
4,cer
4,celebrizar
4,camuflar
4,cadastrar
4,caçar
4,brincar
4,bradar
4,bido
4,batizar
4,aviltar
4,aventurar
4,autointitulado
4,atomizar
4,aterrorizar
4,aterrar
4,assomar
4,assestar
4,arvorar
4,arrojar
4,arrasar
4,ar-condicionado
4,apaniguar
4,amoldar
4,alocar
4,alentar
4,agrá
4,afetasse
4,afetam
4,aduzir
4,adormecer
4,acanhar
4,acamar
3,zou
3,zer
3,xando
3,volver
3,vivenciou
3,visualizar
3,vistoriar
3,violentar
3,vessar
3,verticalizar
3,verter
3,vergar
3,veredito
3,vados
3,vacinar
3,truste
3,trou
3,tripartir
3,tribu
3,tremer
3,transviar
3,transtornar
3,transmutar
3,transladar
3,transfigurar
3,tragar
3,tir
3,tematizar
3,teimar
3,tegrou
3,superestimado
3,superestimadas
3,sumular
3,subsumir
3,subprime
3,subcomitê
3,soprar
3,sobressaltar
3,sincronizar
3,selecionando
3,segregar
3,saturar
3,sando
3,safar
3,sacralizar
3,rosar
3,rogar
3,rodrigar
3,rodear
3,robustecer
3,rizar
3,riscar
3,retroagir
3,retificou
3,retificado
3,resvalar
3,resignar
3,reser
3,repisar
3,repatriar
3,repactuada
3,remanejou
3,regu
3,regrar
3,regenerar
3,refletiria
3,referenciar
3,re-eleito
3,rediscutir
3,redescontar
3,redar
3,recontar
3,recomprar
3,recobrir
3,recitar
3,rechear
3,recepcionado
3,recensear
3,recém-saído
3,recém-instalados
3,recém-instalada
3,recém-escolhido
3,recapitular
3,rebentar
3,reativaram
3,reativada
3,rearticulou
3,rearticularam
3,reapresentada
3,reaparelhou
3,ratear
3,rastrear
3,ramificar
3,raiar
3,radiografar
3,rá
3,pu
3,propu
3,profissionalizar
3,problem
3,prioriza
3,prezar
3,pretextar
3,pressurizar
3,preponderar
3,pré-falimentar
3,predispor
3,pós-graduados
3,posar
3,portugue
3,poluir
3,polir
3,plebiscitar
3,pgr
3,penhorar
3,parlamentar
3,paraninfar
3,operacionalizado
3,ofuscar
3,objetivou
3,objetivaram
3,nuou
3,numerar
3,normatizar
3,nissei
3,não-alinhada
3,naciona
3,molestar
3,minguar
3,militarizar
3,metalúr
3,menosprezar
3,melindrar
3,massacrar
3,mapeou
3,manti
3,manejar
3,mal-armados
3,majorou
3,majorado
3,madas
3,macular
3,locaute
3,lixar
3,listava
3,linotipar
3,lhar
3,laurear
3,later
3,lastimar
3,intelectualizar
3,integralizaram
3,insubordinar
3,inspecionou
3,inocular
3,ingênuo
3,infestar
3,indultar
3,indi
3,independe
3,incorreta
3,inchar
3,imple
3,impingir
3,http://www.camara.gov.br/internet/depu
3,homiziar
3,hastear
3,grar
3,governichar
3,giu
3,gestada
3,gerenciada
3,fulminar
3,freelance
3,freado
3,fincar
3,finar
3,favelada
3,faturando
3,exumar
3,exultar
3,extirpar
3,exterminar
3,experience
3,ex-exilados
3,exclamar
3,excetuados
3,ex-auxiliar
3,estuprar
3,estatizar
3,estabe
3,esquentar
3,esmerar
3,esgarçar
3,escudar
3,escriturar
3,esbulhar
3,enxugar
3,envenenar
3,entremear
3,enlouquecer
3,engessar
3,enfocava
3,encer
3,encastelar
3,encapuzar
3,emaranhar
3,elencados
3,eja
3,eivar
3,efetuassem
3,efetuarem
3,efetivava
3,ecoar
3,duzido
3,driblar
3,domesticar
3,direcionava
3,dilacerar
3,digitalizar
3,dido
3,devorar
3,desvencilhar
3,destroçar
3,destilar
3,desprevenir
3,despreparadas
3,desprender
3,despovoar
3,despistar
3,desperdiçar
3,desperceber
3,desnaturar
3,desmatar
3,desincentivar
3,desguarnecer
3,desgraçar
3,desgarrar
3,desestimulavam
3,desestimulava
3,desenganar
3,desempatar
3,desembargar
3,descortinar
3,descoordenar
3,descongestionar
3,desconcertar
3,descolar
3,descapitalizar
3,descamisar
3,desbravar
3,desbancar
3,desavisar
3,desatar
3,desajustar
3,desacompanhar
3,defasadas
3,decolou
3,debitar
3,dé
3,custodiar
3,cumular
3,crismar
3,criminalizar
3,credenciando
3,copar
3,contradizer
3,contraditar
3,contracenar
3,contra-atacar
3,contra-arrestar
3,consertar
3,concunhados
3,concertar
3,comu
3,colonizar
3,cifar
3,cido
3,cida
3,chapar
3,cfm
3,ceifar
3,catalisar
3,castanha-do-pará
3,cassiterita
3,carta-aberta
3,carreata
3,caricaturar
3,carcomer
3,capar
3,câm
3,caluniar
3,caixa-preta
3,cafei
3,cadei
3,burocratizar
3,brandir
3,botar
3,boatar
3,batizando
3,baldar
3,babar
3,avultar
3,autodefiniu
3,auscultar
3,atritado
3,atrever
3,atiçar
3,aterrissou
3,aterrissar
3,atalhar
3,assenhorear
3,arti
3,arrombar
3,arrebentar
3,arranhar
3,arquitetado
3,argüir
3,argüía
3,arder
3,aquilatar
3,apunhalar
3,aprazar
3,apear
3,aparteado
3,anistiada
3,angustiar
3,amontoar
3,amanhecer
3,alternative
3,algemar
3,alagar
3,ajoelhar
3,agraria
3,aferrar
3,afeiçoar
3,acolherar
3,acionaram
3,aciaria
3,abocanhar
3,abar
2,zu
2,zerado
2,zerada
2,zar
2,zadas
2,xaria
2,www.tse.gov.br/sadjudsadppush/exibirpartesprocessojud.do
2,wikipedia
2,vocou
2,violence
2,vindicar
2,vice-presidencia
2,veu
2,vernoticia
2,verbalizar
2,venerar
2,vegetar
2,var
2,vangloriar
2,vando
2,valheu-lhe
2,vada
2,urubu-caapor
2,universitá
2,ungir
2,tuindo
2,trucidar
2,tropeçar
2,tronar
2,tripular
2,tripudiar
2,traumatizar
2,transmudar
2,transir
2,tranquilizar
2,traficar
2,torrar
2,tiu
2,tituir
2,tituindo
2,tituído
2,tesoureiro-auxiliar
2,tesar
2,terceirizados
2,tér
2,taria
2,talhar
2,sussurrar
2,supracitar
2,superlotar
2,superfaturar
2,superfaturando
2,superestimada
2,superavaliado
2,sultou
2,sugar
2,sucateada
2,substuído
2,substanciar
2,subentender
2,ssumiu
2,soçobrar
2,sobretaxar
2,sínter
2,singularizar
2,setorizada
2,seqüestrou
2,seminá
2,semi-assalariados
2,semi-áridas
2,selecionou
2,selecionava
2,selecionada
2,segundo-delegado-auxiliar
2,segmentar
2,secretário-auxiliar
2,searchterm
2,science
2,scholar
2,sarar
2,sangrar
2,sados
2,sadadmagencia
2,saciar
2,roi
2,revolver
2,retorquir
2,retaliar
2,retalhar
2,responsar
2,replantar
2,reper
2,reocupar
2,renhir
2,remonetizada
2,relevar
2,reinventar
2,regozijar
2,refrescar
2,refletira
2,refletidas
2,reestatizar
2,reequipou
2,redescobrir
2,reconvocado
2,reclassificar
2,recer
2,recepcionados
2,recém-remodelado
2,recém-publicado
2,recém-promulgada
2,recém-operado
2,recém-nascido
2,recém-nascida
2,recém-legalizado
2,recém-lançado
2,recém-instituído
2,recém-instaurada
2,recém-formados
2,recém-filiado
2,recém-extinto
2,recém-dissolvida
2,recém-contratado
2,recém-constituída
2,recém-chegadas
2,recém-aprovada
2,rece
2,recapturar
2,recalcar
2,rebuscar
2,rebocar
2,reboar
2,rearmar
2,reanimar
2,reabastecer
2,rasurar
2,raspar
2,rascunhar
2,rarefazer
2,raram
2,quarta-feita
2,qu
2,purificar
2,protocolados
2,protocolada
2,protendido
2,prostituir
2,propender
2,propagandear
2,projetassem
2,professor-auxiliar
2,produtivi
2,priorizados
2,priorizadas
2,pressagiar
2,prefigurar
2,predeterminar
2,pré-determinado
2,predestinar
2,pré-anunciada
2,povão
2,post-mortem
2,possado
2,podar
2,plomados
2,planar
2,píer
2,perscrutar
2,pernoitar
2,pernam
2,permutar
2,perigar
2,perambular
2,penhou
2,pejar
2,pausar
2,passear
2,particularizar
2,parodiar
2,paginar
2,ondular
2,oligar
2,oi
2,obri
2,objetivar
2,objetivam
2,objetivado
2,objetariam
2,nunciou
2,nueva
2,nuar
2,nizou
2,nizadas
2,nhada
2,não-esclarecido
2,ná
2,mou
2,monitorava
2,mitiu
2,mitê
2,mimeografado
2,miltar
2,mer
2,mentou
2,mensurar
2,medrar
2,mediatizar
2,mater
2,martirizar
2,martelar
2,maram
2,maquiar
2,mapear
2,manufaturada
2,mantar
2,manar
2,maltratar
2,malsucedidos
2,malfadar
2,mais-valia
2,mado
2,machucar
2,locomover
2,locar
2,liquefazer
2,linguajar
2,librar
2,liber
2,libar
2,lecio
2,lavorar
2,jurisdicionadas
2,joia
2,jequitibá
2,jazer
2,inveterar
2,invectivar
2,intuir
2,interpenetrar
2,internalizar
2,integralizar
2,inspecionando
2,inflacionar
2,inexata
2,industriar
2,indisciplinar
2,indexar
2,independem
2,indenizando
2,indenizado
2,indenizadas
2,incutir
2,incrustar
2,incenti
2,incandescer
2,impactar
2,imiscuir
2,http://br.gojaba.com/search/qau/roberto
2,homogeneizar
2,homeagencia
2,haurir
2,guilhotinar
2,grifar
2,grafitar
2,gra
2,glorificar
2,germinar
2,gerenciou
2,gerenciava
2,gerenciando
2,gerenciadas
2,gando
2,für
2,freqüentassem
2,fosfatar
2,flabelar
2,fichar
2,feverei
2,fervilhar
2,fender
2,fear
2,faturado
2,extraditar
2,expelir
2,exorcizar
2,ex-exilado
2,ex-babá
2,eternizar
2,esvair
2,esticar
2,estalar
2,estadualizado
2,esquematizar
2,esquartejar
2,espremer
2,espraiar
2,esfaquear
2,esconjurar
2,escolarizar
2,escandalizar
2,escamotear
2,esburacar
2,esboroar
2,esbanjar
2,erodir
2,erodindo
2,epistolar
2,envelopar
2,entronizar
2,entreverar
2,entreter
2,entrelaçar
2,entida
2,enti
2,entar
2,enrijecer
2,enricar
2,enquistar
2,enqua
2,enlatar
2,enlamear
2,engraxar
2,engenhar
2,enforcar
2,enfocado
2,encostar
2,encharcar
2,encadear
2,emudecer
2,empresar
2,embriagar
2,embolsar
2,embalsamar
2,eletrificando
2,efetuariam
2,efetua
2,eclipsar
2,dragar
2,dourar
2,doer
2,disponibilida
2,diputou
2,dilapidar
2,digerir
2,didas
2,desvelar
2,destoar
2,desterrar
2,despreparados
2,despreparada
2,despreocupar
2,despopularizar
2,desmistificar
2,desmatadas
2,desmarcar
2,desinformar
2,desindexar
2,desimpedir
2,desflorestar
2,desestimulados
2,desestatizar
2,desempar
2,desembaraçar
2,desem
2,descompromissado
2,desclassificar
2,descerrar
2,descarar
2,desatrelar
2,desativou
2,desativadas
2,desaquecer
2,desagravar
2,desafrontar
2,derem
2,derado
2,depreender
2,depreciar
2,dependencia
2,depauperar
2,departir
2,demostrar
2,demasiar
2,delibar
2,degredar
2,defasado
2,decompor
2,decantar
2,debruçar
2,datilografado
2,datilografadas
2,cuspir
2,curtir
2,cruentar
2,crucificar
2,credenciavam
2,credenciava
2,credenciaria
2,cravar
2,cozinhar
2,cotejar
2,coonestar
2,conver
2,convê
2,convalescer
2,contravir
2,contrar
2,contrapropor
2,contrá
2,contingenciar
2,contatados
2,congraçar
2,congonhar
2,confraternizar
2,confor
2,condizer
2,condescender
2,concursada
2,compromissados
2,comprazer
2,comover
2,comér
2,college
2,colimar
2,coletou
2,colecionar
2,cochilar
2,coar
2,cluída
2,cluía
2,cismar
2,circundar
2,cidiram
2,chover
2,calafetar
2,cagar
2,burocrá
2,buir
2,brilhar
2,brecar
2,bossa-novistas
2,borgista
2,bolchevizar
2,bilheteria
2,berrar
2,bem-visto
2,bem-vindo
2,bem-amado
2,beirar
2,be
2,batizadas
2,barricar
2,bancar
2,bancando
2,azarão
2,avivar
2,auto-proclamado
2,autonomizar
2,automatizar
2,autodissolver
2,autodenominou
2,auditor-auxiliar
2,atualizava
2,attainder
2,atrofiar
2,assentir
2,assanhar
2,artilhar
2,arrumar
2,arremeter
2,arredar
2,arraia-miúda
2,arquitetou
2,arguir
2,architecte
2,arcebispo-auxiliar
2,aquietar
2,aprestar
2,apodrecer
2,apegar
2,aparteou
2,apartar
2,anuir
2,antitabagista
2,antiquar
2,antipatizar
2,antedatar
2,antagonizar
2,anistiasse
2,anistiaram
2,amputar
2,amorti
2,amealhar
2,amalgamar
2,alunar
2,aluir
2,alocasse
2,alhear
2,alegrar
2,alcunhar
2,alavancando
2,air
2,agüentar
2,aguar
2,agremiar
2,agastar
2,agasalhar
2,agarrar
2,afir
2,aficcionado
2,afetem
2,afagar
2,adubar
2,acurar
2,acionaria
2,acionadas
2,acessada
2,acercar
2,acender
2,açambarcar
2,acadê
2,abstrair
2,aborrecer
2,abiscoitar
2,abençoar
2,abaixar
1,zür
1,zisse
1,zidas
1,ziam
1,zia
1,zerassem
1,zarria
1,zaram
1,zangar
1,zando
1,zados
1,you
1,xotar
1,xilita
1,xiliar
1,www.senado.gov.br/comunica/agencia/agenciaacessivel/perfildossenadores/sc.htm
1,www.senado.gov.br/agencia
1,www.senado
1,www.redetec.org.br/publique/cgi/cgilua.exe/sys/start.htm
1,www.psdb-sc.org.br/representantes/representante.cfm
1,www.portaldocomercio.org.br/cgi/cgilua.exe/sys/start.htm
1,www.oimpacto.com.br/news.htm
1,www.nipocatarinense.org.br/indexfansc/indexfansc.htm
1,www.millarch.org/artigo/bernardino-schulman-memoria-que-se-foi
1,www.leonelpavan.com.br/perfil/index.cfm
1,www.cr
1,www.al.ba.gov.br/biografia.cfm
1,www.abqtic.com.br/associados
1,vulnerar
1,vulgarizar
1,vogar
1,voejar
1,vocada
1,vivificar
1,vivenciassem
1,vivenciando
1,vivenciado
1,vivenciada
1,vitrola
1,vitoriar
1,vitam
1,vitalizar
1,vitalício-jubilado
1,viou
1,vigilar
1,vice-preside
1,vicejar
1,vialibilizados
1,viada
1,veterinaria
1,verdadei
1,ventar
1,veitados
1,vaziar
1,vanta
1,valiado
1,valcânti
1,utulizado
1,utilida
1,utendi
1,ussurpada
1,ureter
1,universitaria
1,univer
1,unionism
1,úmidos
1,ultrajar
1,ultimainstancia
1,ufanar
1,ufam
1,tunar
1,tuiria
1,tuído
1,tuída
1,tudo-ou-nada
1,truir
1,troçar
1,triturar
1,tripu
1,trincar
1,tricar
1,trializados
1,tresloucar
1,tremular
1,tregue
1,trê
1,travestir
1,traumato-ortopedia
1,trar
1,transvestidas
1,transvazar
1,transfundir
1,transferiu-separa
1,transerido
1,transcedeu
1,transbordar
1,transacionados
1,transacionado
1,transacionadas
1,tranqüilizando
1,tranqüilizado
1,tranqüilizada
1,tranformou
1,tranchar
1,tralizar
1,trajar
1,tragediar
1,tra-balhando
1,tóvão
1,tornouconhecido
1,topar
1,tonsurar
1,toé
1,tizada
1,tivessse
1,ti-vessem
1,tituíam
1,titubear
1,tisse
1,tisnar
1,tinguiu
1,tingir
1,tinado
1,tificou
1,ticou
1,ticiparam
1,tiam
1,them
1,their
1,tevê
1,terrompido
1,territorializados
1,terita
1,tergiversar
1,tercerizada
1,terceirizar
1,terceirizado
1,tensificava
1,temerar
1,telhar
1,televisada
1,telepostos
1,telegrafista-auxiliar
1,telegra
1,tegrava
1,tegrar
1,tegrando
1,tecnología
1,tecnificada
1,teatralizar
1,teado
1,tazu
1,taurar
1,taurada
1,tancredou
1,tanciando
1,talizar
1,tacar
1,suster
1,surrupiar
1,supurar
1,supraparti
1,suplicar
1,suplementados
1,super-representados
1,superfaturavam
1,superfaturava
1,superestimava
1,superestimando
1,superestimados
1,superestado
1,superdimensiona
1,superdesenvolvidas
1,supercapitalizados
1,superajuste
1,sungar
1,sultando
1,sujar
1,suir
1,sucateados
1,subvalorizar
1,subtemperadas
1,substantivar
1,subsituído
1,subsecretá
1,sub-representados
1,sub-representada
1,sub-ramos
1,subpovoadas
1,subjazer
1,subfaturados
1,subexploradas
1,subcorrigidas
1,subavaliavam
1,stuma
1,stituído
1,sossegar
1,sorver
1,sorrir
1,sopitar
1,solver
1,solvabilida
1,soletrar
1,soer
1,sócio-aspirante
1,socia
1,socavar
1,sobre-representadas
1,sistematica
1,sistema-que-aí-está
1,sionar
1,sionada
1,siege
1,sidosacados
1,sidiu
1,sidido
1,side
1,sibaritar
1,siar
1,sginifica
1,seviciar
1,setenciados
1,serralheria
1,sera
1,seqüenciados
1,seqüenciado
1,sequencia
1,seppir
1,senvolveu
1,sencorajar
1,semtiam
1,sempenhariam
1,semos
1,semi-industrializado
1,semi-elaborados
1,semielaborados
1,semialfabetizou
1,semi-acalmado
1,selecionem
1,selecionaria
1,seleciona
1,selecio
1,segundar
1,segu
1,securizadas
1,securitizada
1,secondo
1,secar
1,scale
1,sbre
1,satanizar
1,sariado
1,sambar
1,sajuste
1,sabinada
1,rupturita
1,ruidar
1,rubricar
1,ruborizar
1,rubados
1,rotar
1,romancear
1,roer
1,ritualizava
1,ritualizar
1,ritualizadas
1,rita
1,rinhar
1,rimar
1,rigiu
1,rigirem
1,riados
1,re-volver
1,revisitar
1,revirar
1,reverberar
1,revalorizar
1,reurbanizou
1,retrogradar
1,retroalimentam
1,retirante
1,retificando
1,retificados
1,retificadas
1,retando
1,resul-tou
1,restabe
1,ressocializa
1,responsabilida
1,respingar
1,requentar
1,reprocessa
1,reprisados
1,reprisado
1,represar
1,repovoar
1,repontar
1,reponsabilizando
1,repactuando
1,remexer
1,remendar
1,rememorar
1,rematar
1,remanejada
1,reler
1,releito
1,releger
1,reiovindicando
1,reinvindicavam
1,reinvindicando
1,reinstaurava
1,reinstaurasse
1,reinstaurando
1,reinscrever
1,reingressasse
1,reingressariam
1,reimprimir
1,regravar
1,regar
1,refrigerar
1,reformer
1,reflorestar
1,reflitam
1,refletissem
1,refletirem
1,refletirá
1,refletido
1,refinanciava
1,refinanciaria
1,refiliaria
1,reestimaria
1,reestatizada
1,reestabeleceu
1,reequipando
1,reenviar
1,reentronizar
1,reembarcar
1,reeleitaem
1,reelaborou
1,reeeleger
1,redirigido
1,redirecionou
1,redirecionava
1,redespertar
1,redemocratizava
1,redemocratizado
1,redemocratiza
1,redargüiu
1,recriminar
1,recortar
1,reconstitucionalizar
1,reconstitucionalizado
1,reconfigurar
1,reclinar
1,receram
1,recepcionaram
1,recepcionar
1,recepcionada
1,recender
1,recém-transformado
1,recém-surgidos
1,recém-sancionada
1,recém-proscrito
1,recém-promovidos
1,recém-popularizada
1,recém-organizado
1,recém-organizada
1,recém-nomeados
1,recém-nomeada
1,recém-nascidas
1,recém-modificado
1,recém-libertados
1,recém-lançada
1,recém-introduzida
1,recém-incorporados
1,recém-incorporado
1,recém-incorporada
1,recém-implantada
1,recém-formadas
1,recém-firmado
1,recém-estruturada
1,recém-estabelecido
1,recém-empossados
1,recém-empossada
1,recém-eleita
1,recém-elaborados
1,recém-editado
1,recém-editada
1,recém-divulgado
1,recém-dissolvido
1,recém-desmobilizadas
1,recém-desligados
1,recém-designado
1,recém-deposto
1,recém-demitidos
1,recém-deflagrada
1,recém-criados
1,recém-construído
1,recém-construída
1,recém-constituídos
1,recém-concluídos
1,recém-concedido
1,recém-comprovada
1,recém-compradas
1,recém-cassado
1,recém-assumido
1,recém-assentados
1,recém-aposentado
1,recém-alfabetizados
1,recém-alfabetizada
1,recém-alçados
1,recém-abolida
1,recém-aberto
1,recém-aberta
1,recei
1,recalcular
1,recadastrou
1,rebalancear
1,reatribuindo-lhe
1,reativasse
1,reativadas
1,reascender
1,rearticulavam
1,rearticulava
1,rearticulando
1,rearranjou
1,rear
1,reapresentar
1,reapresentado
1,reaprender
1,reapreciar
1,reaplicar
1,reaplicados
1,reaparelhados
1,reaparelhada
1,realocasse
1,realocada
1,realizadaem
1,rea-lizada
1,realimentem
1,reaglutinou
1,reaglutinaram
1,reaglutinar
1,reaglutinando
1,readequar
1,readaptar
1,reacelerar
1,reabsorver
1,rava
1,ráter
1,ratar
1,rastear
1,rasse
1,rar-lhe
1,raptar
1,rantisse
1,rantir
1,ranger
1,raná
1,rádio-patrulha
1,radiofonizado
1,radiar
1,rabiscar
1,rabalhou
1,quintuplicar
1,qüilizar
1,quí
1,quepropunha
1,quecido
1,quar
1,quadrar
1,putada
1,pulular
1,pró-vladimir
1,protocolando
1,protocoladas
1,proseguisse
1,proprietá
1,propriar
1,propriadas
1,projetavam
1,progra
1,pró-flagelados
1,profetizar
1,profanar
1,produzi-i
1,produzi-do
1,prodigalizar
1,procuradoria-regional-eleitoral-de-rondonia-pede-cassacao-do-governador-ivo-cassol-por-infidelidade-partidaria
1,problematizar
1,privi
1,priorizavam
1,priorizasse
1,priorizaria
1,prioritá
1,primeiro-secretá
1,primeiro-delegado-auxiliar
1,primeiro-auxiliar
1,priando
1,prevale
1,presidente-eleito
1,presar
1,premunir
1,premir
1,pré-julgado
1,prefeita-eleita
1,pré-fabricados
1,pré-fabricadas
1,pre-estabelecidas
1,predizer
1,pré-determinada
1,pré-datados
1,pré-datado
1,preconceber
1,precificar
1,preceituar
1,prazer
1,pós-graduado
1,pós-dirigista
1,pós-cruzado
1,portoitajai
1,popu
1,pondeu
1,ponderia
1,pondendo
1,político-parti
1,políticia
1,pluriparti
1,plificadas
1,plená
1,plementado
1,planejasse
1,piscar
1,piratear
1,pipocar
1,pingar
1,pichando
1,pichadas
1,petrificar
1,pessou
1,perverter
1,personalida
1,perpretado
1,peródos
1,pernambu
1,permanencia
1,permanacendo
1,periodizar
1,periciadas
1,perenizar
1,peregrinar
1,pere
1,perdidere
1,perce
1,perava
1,peonadas
1,pentear
1,penitenciar
1,pendurar
1,penar
1,peitar
1,peinar
1,pecializadas
1,pecializada
1,pava
1,pauperizar
1,pauperizado
1,pauperizada
1,pau-mandado
1,pastelado
1,pas-sando
1,partido-ce
1,partidarizar
1,particiopu
1,parlar
1,parlamentarizado
1,paramentar
1,paragrafar
1,parafrasear
1,parafinar
1,panhou
1,panhando
1,panamenha
1,palpitar
1,palmilhar
1,paganizar
1,padei
1,oxigenar
1,overnar
1,otimizados
1,osse
1,ordiná
1,orçamentar
1,ór
1,oportunida
1,operacionalizar
1,onstruir
1,onstruindo
1,oncluiu
1,omentado
1,oligopolizados
1,oligopolizado
1,oligopolizadas
1,oligopolizada
1,oligopoliza
1,ofere
1,odia
1,ocorrrer
1,ociar
1,ochenta
1,obstaculada
1,obrar
1,objetive
1,objetava
1,objetaram
1,obeteve
1,oberto
1,nvergonhado
1,nunciava
1,nunciar
1,nucleou
1,nucleados
1,nucleado
1,nuam
1,ntersindi
1,ntegrando
1,ntar
1,nostra
1,normatizou
1,normatizava
1,noivar
1,noi
1,nifestou
1,nida
1,nhecido
1,nhecida
1,nhecer
1,nhecendo
1,nhados
1,neia
1,necessaria
1,ndo
1,natimorto
1,natalida
1,narcotizar
1,naram
1,não-xenófoba
1,não-suspeitados
1,não-segurada
1,não-revistos
1,não-reservados
1,não-repasse
1,não-remunerada
1,não-regulado
1,não-qualificado
1,não-publicados
1,não-planejada
1,não-monopolizadas
1,não-legalizada
1,não-institucionalizado
1,não-incluídas
1,não-identificados
1,não-identificado
1,não-formalizada
1,não-equilibrado
1,não-dispensa
1,não-declarado
1,não-comprometidas
1,não-comprometida
1,não-assumidos
1,não-associados
1,não-associadas
1,não-anistia
1,não-alinhadas
1,não-alfabetizados
1,nando
1,namizava
1,nalou
1,nai
1,nadar
1,mutuar
1,murder
1,murchar
1,murar
1,municipa
1,multifragmentar
1,mulou
1,mulgado
1,mulgada
1,mulava
1,mudoua
1,mourejar
1,motomecanizados
1,motomecanizadas
1,mostranoticia
1,morder
1,mordenizar
1,monstrar
1,monitorou
1,monitoram
1,monitorados
1,monhangaba
1,monetarizou
1,monetá
1,mondiale
1,mondar
1,moi
1,mode
1,modar
1,mitiria
1,mitificar
1,mistificar
1,missar
1,mirrar
1,ministro-convocado
1,ministo
1,mingar
1,minerar
1,milittar
1,mido
1,microfilmado
1,metabolizaram
1,messias-charlatão
1,mercadejar
1,mentava
1,mentando
1,mentada
1,mendou
1,mendigar
1,menagearam
1,medusada
1,médico-auxiliar
1,medicinar
1,medicar
1,mavam
1,mava
1,mau-caráter
1,maturar
1,marmoraria
1,marechal-do
1,maquinar
1,mapeadas
1,mapa-múndi
1,manisfestaram
1,manietar
1,mangalarga
1,maneceria
1,mamífero-totem
1,mal-vestidas
1,mal-sucedido
1,malsinar
1,malhar
1,mal-formulados
1,malbaratar
1,mal-aproveitada
1,mal-alojadas
1,mal-alimentadas
1,major-brigadei
1,major-bri
1,majoravam
1,majorar
1,majorando
1,majoradas
1,mai
1,magados
1,madrugar
1,mados
1,madeu
1,lzeu
1,luzir
1,luchar
1,lter
1,ltamar
1,lstoé
1,lou
1,lópidas
1,longava
1,literá
1,listar
1,lisonjear
1,liqüidaríamos
1,linchar
1,limina
1,limar
1,lihtm
1,lídere
1,lhou
1,lhendo
1,lham
1,lhado
1,levatnaram
1,levanta-ram
1,lerar
1,lerado
1,lei-loando
1,lecturer
1,lecionarem
1,lecionaram
1,lecer
1,lecendo
1,lbarê
1,latifundiá
1,latere
1,lastreiam
1,lastreados
1,lastreadas
1,large
1,lapidar
1,lando
1,ladrar
1,justiçar
1,jurisdicionou
1,juramentada
1,jungir
1,juizo
1,juí
1,jugulando
1,jugera
1,jubilar
1,jhtm
1,jeunesse
1,jeita
1,jaune
1,japo
1,jada
1,jactar
1,irrefletida
1,ionizar
1,invejar
1,inva
1,intrigar
1,intricar
1,intranqüilizava
1,intranqüilizaram
1,intraliqüiliza
1,intoxicar
1,inter-relacionados
1,inter-relacionadas
1,interpartidá
1,internationale
1,internalizassem
1,inteligencia
1,integralizadas
1,integralism
1,insurreta
1,instrutor-auxiliar
1,instrumento-guia
1,institutindo
1,instancia
1,instabilizou
1,instabilizava
1,inspecionava
1,inspecionaram
1,inquinar
1,inqué
1,injuriar
1,inju
1,injetava
1,injetando
1,ingressan-do
1,ingerir
1,informan-do
1,infletindo
1,infirmar
1,infidencia
1,infelicitar
1,infectar
1,inexistiu
1,inexistirem
1,inexistindo
1,inexistia
1,inevitá
1,indústra
1,indústr
1,individuar
1,indigitar
1,índi
1,indexava
1,independer
1,indenizou
1,indenizaria
1,indenizada
1,indeniza
1,inculpar
1,incubido
1,incontrastado
1,incontinenti
1,incluisve
1,incicada
1,inciando
1,inci
1,incaracterizada
1,inaugu
1,impopularizar
1,implorar
1,implodir
1,imortalizar
1,imitir
1,imergir
1,imbricar
1,ilaquear
1,identi
1,idear
1,içar
1,ibge
1,iber
1,humanida
1,http://www.tse.gov.br/internet/jurisprudencia/intei
1,http://www.tse.gov.br/](http://www.tse.gov.br/)~~~~acessado
1,http://www.tribunada
1,http://www.ruralcop.com.br/diretoria.htm
1,http://www.riberguia.com.br/entrevista/flexa-ribei
1,http://www.per
1,http://[www.per
1,http://www.otavioleite.com.br/conteudo.asp?entidades-de-classe-e-parlamentares-flumi
1,http://www.opovo.uol.com.br](http://www.opovo.uol.com.br/)~~~~;~~~~acessado
1,http://www.oflumi
1,http://www.odiariode
1,http://www.observa
1,http://www.meuparlamentar.com.br/waldir
1,http://www.jornaldodiase.com.br/viz
1,http://www.informes.org.br/)~~~~;~~~~acessado
1,http://www.iesb.br/grad/jorna
1,http://www.gremio.net/page/view.aspx?i
1,http://www.folhape.com.br](http://www.folhape.com.br/)~~~~;~~~~acessado
1,http://www.fndc.org.br/ar
1,http://www.estadao.com.br/noticias/nacional
1,http://www.economistado
1,http://www.diap.org.br/)~~~~;~~~~ac~~~~essado
1,http://www.deputadoroberto
1,http://www.deputadopauloramos.com.br/trajetoria.htm
1,http://www.conamp.org.br)~~~~acessado
1,http://www.cmm.am.gov.br/)~~~~;~~~~acessado
1,http://www.cidades.gov.br/secretarias-nacionais/secretaria-de-habita
1,http://www.canalenergia.com.br/zpu
1,http://www.camara.gov.br)~~~~~~~~acessado
1,http://www.camara.br/)~~~~;~~~~acessado
1,http://www.assembleia.go.gov.br/conheca\_assem
1,http://www.arquidiocese-sp.org.br/dom\_claudio\_nomeacao.htm
1,http://www.al.ba.gov.br/biografia.cfm?var
1,http://www.al.ba.gov.br/biogra
1,http://www.adelmir
1,http://veja.abril.com.br](http://veja.abril.com.br/)**
1,http://tribunado
1,http://pt.wikipedia.org/wiki/veja
1,http://pt.wikipedia.org/wiki/reino_unido
1,http://pt.wikipedia.org/wiki/plano_cruzado
1,http://pt.wikipedia.org/wiki/mestrado
1,http://pt.wikipedia.org/wiki/edmar_bacha
1,http://pt.wikipedia.org/wiki/dem
1,http://pt.wikipedia.org/wiki/anistia
1,http://politicaeci
1,http://odia.terra.com.br\>;**portal**da
1,http://diariodonordeste.globo.com/materia.asp?codigo
1,horizontalizado
1,horizontalizada
1,homengem
1,historicize
1,hipercalibrado
1,hidrogenar
1,hidratar
1,hereditaria
1,henê
1,gurando
1,guram
1,gulamentado
1,guiria
1,guir
1,guida
1,guerrear
1,gueriam
1,gripar
1,grilado
1,gressando
1,gregando
1,granular
1,granar
1,gramar
1,gradear
1,governadora-eleita
1,gouffre
1,gou
1,gorar
1,goiabada
1,gociaram
1,gloriar
1,globetrotter
1,gir
1,gido
1,giam
1,gestou
1,gestando
1,gerenciados
1,general-de-briga
1,gender
1,gemer
1,gelar
1,gasse
1,garrotear
1,garam
1,gam
1,gadeiro-do-ar
1,gadas
1,futou
1,führer
1,frustou-lhe
1,fruir
1,fruendi
1,freqüentaram
1,freqüentadas
1,freqüentada
1,frentar
1,frentando
1,frentam
1,free-lancer
1,freada
1,fraturou
1,fraturando
1,fraturado
1,fraturada
1,fraternizar
1,fracionavam
1,fracionaria
1,fracionar
1,fracionando
1,fracionadas
1,fortale
1,formu
1,forjicar
1,fonmdo
1,foçar
1,flumi
1,flertava
1,flertar
1,flanquear
1,fir
1,fingir
1,filosofar
1,ficiados
1,feu
1,ferver
1,ferroviá
1,ferrar
1,fermentar
1,faturou
1,faturava
1,faturados
1,fatizando
1,fatiar
1,farar
1,fanatizar
1,fair
1,extra-remunerados
1,extraordiná
1,extingüir
1,exteriorizar
1,exter
1,ex-telemar
1,ex-subordinados
1,ex-sogra
1,exrceu
1,exponenciavam
1,ex-perseguidos
1,expatriar
1,ex-i
1,ex-governado
1,ex-filiado
1,ex-favelados
1,exercído
1,exem
1,ex-deputa
1,excursionou
1,ex-cunhado
1,exculpar
1,ex-comandados
1,excitar
1,excetuadas
1,excercido
1,exce
1,ex-cassados
1,ex-candidata
1,ex-aspirante
1,example
1,ex-adido
1,europeizar
1,eufemizado
1,eter
1,esva
1,estressado
1,estremar
1,estratificar
1,estragar
1,estr
1,estontear
1,estofar
1,estirar
1,estilizar
1,estilhaçar
1,estereotipar
1,estear
1,estandardizar
1,estalinizado
1,estadualizou
1,estadualizar
1,esquiar
1,esquer
1,espreitar
1,esposar
1,espocavam
1,espetar
1,espetacularizar
1,especia
1,especi
1,especar
1,espaçar
1,esmurrar
1,esmiuçar
1,esmerilhar
1,esmaltar
1,esfomear
1,esfarrapar
1,escusar
1,escravistas
1,escorregar
1,escorraçar
1,escorchar
1,escorar
1,escolhsse
1,esclerosar
1,escarpar
1,escarnecer
1,escandir
1,escândalo-rei
1,escaldar
1,erodia
1,erodem
1,eria
1,equalizados
1,epidemiar
1,enxovalhar
1,enxertar
1,enviesar
1,envelopado
1,entroncar
1,entristecer
1,entrecruzar
1,entrechocar
1,entocaiados
1,entesar
1,entediar
1,ensurdecer
1,ensarilhar
1,ensangüentaram
1,ensangüentar
1,ensagüenta
1,ensacar
1,enroscar
1,enraivecer
1,enjoar
1,engravidar
1,engrandecer
1,engolfar
1,engodar
1,engarrafar
1,enfocam
1,enfocados
1,enfocadas
1,enfocada
1,enfileirar
1,enfiar
1,enfeitar
1,enfadar
1,energéticva
1,endoto-ácidos
1,endivi
1,endida
1,encruzilhar
1,encravar
1,encolher
1,encilhar
1,encerar
1,encarrar
1,encaixotar
1,encafuar
1,enamorar
1,empostar
1,empecer
1,emparelhar
1,emparedar
1,empar
1,empanar
1,empalidecer
1,empacar
1,embuçar
1,embrulhar
1,embrenhar
1,embrados
1,embotar
1,embasou
1,embasava
1,embasando
1,embair
1,emassar
1,elitizam
1,eligere
1,eletrizava
1,eletrificou
1,eletrificados
1,eletrificado
1,eletrificada
1,elencou
1,eleicoessenado
1,ejidos
1,eguindo
1,eguida
1,efetuavam
1,efetuará
1,efetive
1,efei
1,editorar
1,duziu
1,duzissem
1,duplipensar
1,d'une
1,duelando
1,dublados
1,drada
1,doutourado
1,dolarizada
1,doi
1,doeliomar
1,divi
1,diu
1,distar
1,dissertar
1,dissecar
1,dispu
1,dispendeu
1,dispender
1,disparatar
1,diretor-superintentende
1,diretor-auxiliar
1,direcionavam
1,dinamitar
1,diligenciar
1,dignificar
1,diferençar
1,didos
1,didata
1,dicionarizar
1,dicada
1,diariodecuiaba
1,diam
1,diá
1,día
1,devolvessse
1,deveraá
1,desvestir
1,desvenci
1,desvaler
1,desumanizar
1,destravar
1,destratar
1,desrespei
1,desregulamentado
1,despropositar
1,despotencializado
1,despolitizar
1,despolitizando
1,despersonalizar
1,despentear
1,desoprimir
1,desolar
1,desodorizar
1,desnutrir
1,desnudar
1,desnortear
1,desnacionalizar
1,desmotivar
1,desmonta-monta
1,desmesurar
1,desmatou
1,desmandar
1,deslumbrar
1,deslizar
1,desleixar
1,deslanchou
1,deslancham
1,desisitdo
1,desinterditadas
1,desinfetou
1,desinfetando
1,desindexou
1,desimcompatibilizou
1,desimcompatibilizar
1,desideologizar
1,desgrenhar
1,desgovernar
1,desfocar
1,desfavorá
1,desfaçar
1,desestruturar
1,desestimulado
1,desestatizadas
1,deserdar
1,desencontrar
1,desencompatibilizou
1,desencompatibilizado
1,desencandeou
1,desemperrar
1,desempenar
1,desembar
1,desdo
1,desdenhar
1,descriar
1,descrer
1,descredenciando
1,descontrair
1,descontinuar
1,desconstruir
1,desconstituir
1,desconstitucionalizar
1,descompromissada
1,descomprometer
1,descompensar
1,descompatibilizou
1,descomissionado
1,descalibrados
1,desavergonhar
1,desatualizado
1,desativaram
1,desatender
1,desassociar
1,desarrumar
1,desarrazoar
1,desarquivar
1,desarquivado
1,desarmonizar
1,desapossar
1,desaparelhar
1,desandar
1,desambientados
1,desamarrar
1,desamar
1,desalinhar
1,desajeitar
1,deságuam
1,desafinar
1,desacostumar
1,desacatar
1,desabusar
1,desabrochar
1,desabonar
1,desabituar
1,desabitar
1,desabilitar
1,desabençoar
1,derribar
1,derramar
1,deria
1,derava
1,derão
1,derando
1,depravar
1,depoi
1,dependente-associado
1,depenar
1,densar
1,demonizado
1,defraudar
1,deflagaram
1,deflagar
1,deflacionada
1,definhar
1,defensar
1,defendendendo
1,defasada
1,decuplicar
1,decorar
1,decolassem
1,decepar
1,debuxar
1,debochar
1,datilografava
1,cusou
1,cusa
1,curuí
1,cúpu
1,cunscrito
1,culado
1,cruzi
1,cromita
1,crochê
1,crivar
1,criticism
1,criticassse
1,criptogra
1,criminar
1,cria-desmonta-monta
1,cria-desmonta
1,cremar
1,credenciasse
1,cotizar
1,cotinuarmos
1,costa-riquenho
1,coser
1,correligioná
1,corrcspondesse
1,corporando
1,co-realizadas
1,co-produzidas
1,co-presidiu
1,co-presidida
1,co-pilotava
1,co-patrocinados
1,copatrocinado
1,co-participado
1,co-organizado
1,cooperative
1,coontribuíram
1,conveniada
1,controu
1,contribuido
1,contravam
1,contrava
1,contrarrestar
1,contracar
1,contrabater
1,contra-atacando
1,contra-assinada
1,contra-arrazoassem
1,contra-argumentava
1,continou
1,contingenciada
1,contender
1,contatou
1,contatava
1,contataram
1,contatando
1,contagiar
1,constestou
1,consternar
1,conspurcar
1,conser
1,conselhei
1,consegui-da
1,conscientizou
1,conscientizasse
1,conscientizando
1,conscientizadas
1,conscientizada
1,conscientiza
1,conotar
1,conjurar
1,conjeturava
1,conglobar
1,confranger
1,confortar
1,conflituados
1,conflitassem
1,conflitaria
1,conflagaram
1,concretados
1,concoreu
1,concessionar
1,concelebrar
1,comu-nicou
1,computadorizado
1,compromissadas
1,complexificar
1,competencia
1,competê
1,compenetrar
1,compartimentar
1,companhei
1,comndar
1,commerce
1,comício-parada
1,comiciandi
1,comdo
1,comanditar
1,comandante-geral-do-ar
1,coloniale
1,coletivizássemos
1,coletava
1,coletando
1,coletados
1,colecionou
1,colecionava
1,co-editar
1,codigo
1,codear
1,cocar
1,cmparanaiba
1,cluiu
1,clonar
1,clichê
1,clicar
1,cláu
1,clarificar
1,clareceu
1,cionou
1,cionar
1,cionadas
1,cientificar
1,cientificado
1,cicatrizar
1,cializadas
1,chuvados
1,chimangada
1,cheirar
1,chargista
1,chacinar
1,cgilua
1,ceseaparecida
1,cervico-brachiale
1,ceroneou
1,ceria
1,cerbados
1,centivando
1,cém-falecido
1,cegar
1,cebido
1,cebeu
1,ce-almirante
1,cé
1,ce
1,cavalar
1,cautelam
1,causticar
1,caucionar
1,cativar
1,catequizar
1,categorizar
1,catedrá
1,catapultar
1,cas-e-com-votos-da
1,cartelizar
1,cartar
1,carretera
1,carrei
1,carpir
1,caribenho
1,çaram
1,caram
1,cará
1,caprichar
1,capear
1,canonizar
1,cançou
1,cançar
1,campar
1,cambalear
1,çam
1,calizados
1,caiar
1,caducar
1,çados
1,çado
1,cadetes-do-ar
1,cadeou
1,çada
1,caballería
1,cabalando
1,bu
1,bronzear
1,brocar
1,brindar
1,brigadeiro-do
1,bri
1,brevetar
1,brega
1,braz
1,bramir
1,bouçar
1,borou
1,borar
1,borado
1,boas-vindas
1,blicados
1,blicado
1,biz
1,bittar
1,bipar
1,biográ
1,bifurcar
1,biam
1,beu
1,benzer
1,bendo
1,bendizer
1,bem-relacionado
1,bem-recebidas
1,bem-querer
1,bem-preparados
1,bem-intencionados
1,bem-aventurada
1,bem-aceita
1,belecia
1,beleça
1,belado
1,bé
1,bava
1,batizaram
1,batizados
1,bate-papo
1,barnabé
1,barbar
1,banhar
1,bancou
1,balir
1,balhou
1,balhassem
1,balhar
1,balancear
1,bafejar
1,bacha
1,bacaba
1,azedar
1,aviz
1,aviar
1,averigüar
1,avalisou
1,avalisado
1,ava
1,autorregularem
1,autopsiar
1,autonomeou
1,automarginalizar
1,autolimitar
1,auto-intitulou
1,auto-intitulava
1,auto-intitulam
1,auto-intitulados
1,autointitulados
1,auto-intitulada
1,autoindicou
1,autografar
1,autogovernar
1,autofixar
1,autodeterminado
1,autodenominava
1,autodenominando
1,auto-denominadas
1,autodefinir
1,auto-definida
1,autoconferido
1,autoconcedidos
1,auto-anistia
1,authoritarianism
1,austerida
1,aureolar
1,auditados
1,aturdir
1,atuem
1,atualizasse
1,atualizam
1,atritaria
1,atritando
1,atritadas
1,atravancar
1,atraiçoar
1,atordoar
1,ativava
1,ativarem
1,ativaram
1,ativando
1,ativada
1,atear
1,atardar
1,asusmiu
1,asssumir
1,asssumido
1,assombrar
1,assiduida
1,assessor-auxiliar
1,assembleiar
1,assegu
1,asceu
1,asar
1,arriver
1,arrevesar
1,arrestar
1,arremessar
1,arremedados
1,arreceiam
1,arrebitar
1,arrebanhar
1,arquitetavam
1,arquitetar
1,arquitetadas
1,arpoaria
1,arlamenta
1,argüiu
1,argüir-lhe
1,argüíram
1,argüidos
1,argüido
1,argüidas
1,argentinizar
1,arejar
1,aquinhoados
1,aquinhoada
1,aquaterladas
1,aprumar
1,apropiada
1,apreçar
1,aprazer
1,aportuguesar
1,apor
1,aplainar
1,apensar
1,apenados
1,anuviar
1,antonioroberto
1,antinordestina
1,antiescravagista
1,aniversariar
1,anistiarmos
1,anistiarem
1,anistiadas
1,anda-e-pára
1,anatemizava
1,anatematizar
1,anar
1,amplificar
1,amplicou
1,amostrar
1,amiudar
1,amimalhar
1,amesquinhar
1,amanhar
1,amamentar
1,alucinar
1,altear
1,alte
1,alocava
1,alocando
1,alocado
1,alocada
1,aloca
1,algaroba
1,alfinetar
1,alevantar
1,alencar
1,alavancaram
1,ajuntar
1,aguiar
1,agüentará
1,aguentar
1,agüentado
1,agudizar
1,agrár
1,agigantar
1,aggiornar
1,agachar
1,aforar
1,afogar
1,afiar
1,afetará
1,advogado-auxiliar
1,adotem
1,adotará
1,ados
1,admoestar
1,adjudicar
1,adjetivava
1,adjetivar
1,adjectivar
1,aditar
1,adernar
1,acumu
1,acumpliciavam
1,acumpliciar
1,acovardar
1,acoplava
1,acondicionar
1,aconchegar
1,açodar
1,aclimar
1,acionassem
1,acionam
1,acesssado
1,acessoem
1,acessarem
1,acessar
1,acei
1,acar
1,acabrunhar
1,abutendi
1,aburguesar
1,abstrata
1,abroquelar
1,ab-rogou
1,abrasileirar
1,aber
1,abastardar
1,abarrotar
1,abalroar
