02599114-a	http://wnpt.brlcloud.com/wn/synset?id=02599114-a	Aberdonian	adj.pert	nil	08892186-n	http://wnpt.brlcloud.com/wn/synset?id=08892186-n	Aberdeen	noun.location	City@
02599269-a	http://wnpt.brlcloud.com/wn/synset?id=02599269-a	Abkhaz	adj.pert	nil	09019355-n	http://wnpt.brlcloud.com/wn/synset?id=09019355-n	Abkhaz	noun.location	StateOrProvince@
02599269-a	http://wnpt.brlcloud.com/wn/synset?id=02599269-a	Abkhazian	adj.pert	nil	09019355-n	http://wnpt.brlcloud.com/wn/synset?id=09019355-n	Abkhazia	noun.location	StateOrProvince@
02600893-a	http://wnpt.brlcloud.com/wn/synset?id=02600893-a	Achaean	adj.pert	nil	08782490-n	http://wnpt.brlcloud.com/wn/synset?id=08782490-n	Achaea	noun.location	GeographicArea@
02600999-a	http://wnpt.brlcloud.com/wn/synset?id=02600999-a	Aeolian	adj.pert	CognitiveAgent+	08784104-n	http://wnpt.brlcloud.com/wn/synset?id=08784104-n	Aeolis	noun.location	LandArea@
03003928-a	http://wnpt.brlcloud.com/wn/synset?id=03003928-a	Afghan	adj.pert	Nation@	08703454-n	http://wnpt.brlcloud.com/wn/synset?id=08703454-n	Afghanistan	noun.location	Afghanistan=
03003928-a	http://wnpt.brlcloud.com/wn/synset?id=03003928-a	Afghani	adj.pert	Nation@	08703454-n	http://wnpt.brlcloud.com/wn/synset?id=08703454-n	Afghanistan	noun.location	Afghanistan=
03003928-a	http://wnpt.brlcloud.com/wn/synset?id=03003928-a	Afghanistani	adj.pert	Nation@	08703454-n	http://wnpt.brlcloud.com/wn/synset?id=08703454-n	Afghanistan	noun.location	Afghanistan=
03042394-a	http://wnpt.brlcloud.com/wn/synset?id=03042394-a	Afrikaans	adj.pert	EthnicGroup@	08999482-n	http://wnpt.brlcloud.com/wn/synset?id=08999482-n	South_Africa	noun.location	SouthAfrica=
03042394-a	http://wnpt.brlcloud.com/wn/synset?id=03042394-a	Afrikaner	adj.pert	EthnicGroup@	08999482-n	http://wnpt.brlcloud.com/wn/synset?id=08999482-n	South_Africa	noun.location	SouthAfrica=
02609503-a	http://wnpt.brlcloud.com/wn/synset?id=02609503-a	Alaskan	adj.pert	nil	09055015-n	http://wnpt.brlcloud.com/wn/synset?id=09055015-n	Alaska	noun.location	Alaska=
02609813-a	http://wnpt.brlcloud.com/wn/synset?id=02609813-a	Albanian	adj.pert	EthnicGroup@	08704822-n	http://wnpt.brlcloud.com/wn/synset?id=08704822-n	Albania	noun.location	Albania=
02977826-a	http://wnpt.brlcloud.com/wn/synset?id=02977826-a	Algerian	adj.pert	Nation@	08705397-n	http://wnpt.brlcloud.com/wn/synset?id=08705397-n	Algeria	noun.location	Algeria=
02972344-a	http://wnpt.brlcloud.com/wn/synset?id=02972344-a	Alsatian	adj.pert	LandArea@	08940209-n	http://wnpt.brlcloud.com/wn/synset?id=08940209-n	Alsace	noun.location	LandArea@
02927512-a	http://wnpt.brlcloud.com/wn/synset?id=02927512-a	American	adj.pert	UnitedStates=	09044862-n	http://wnpt.brlcloud.com/wn/synset?id=09044862-n	America	noun.location	UnitedStates=
02621799-a	http://wnpt.brlcloud.com/wn/synset?id=02621799-a	Andalusian	adj.pert	GeographicArea+	08493261-n	http://wnpt.brlcloud.com/wn/synset?id=08493261-n	Andalusia	noun.location	GeographicArea@
02978000-a	http://wnpt.brlcloud.com/wn/synset?id=02978000-a	Andorran	adj.pert	LandArea@	09023118-n	http://wnpt.brlcloud.com/wn/synset?id=09023118-n	Andorra	noun.location	Andorra=
02921199-a	http://wnpt.brlcloud.com/wn/synset?id=02921199-a	Anglo-Indian	adj.pert	EthnicGroup@	08900535-n	http://wnpt.brlcloud.com/wn/synset?id=08900535-n	India	noun.location	India=
03042812-a	http://wnpt.brlcloud.com/wn/synset?id=03042812-a	Angolan	adj.pert	Nation@	08707917-n	http://wnpt.brlcloud.com/wn/synset?id=08707917-n	Angola	noun.location	Angola=
03042986-a	http://wnpt.brlcloud.com/wn/synset?id=03042986-a	Anguillan	adj.pert	GeopoliticalArea@	08708742-n	http://wnpt.brlcloud.com/wn/synset?id=08708742-n	Anguilla	noun.location	GeopoliticalArea@
02927803-a	http://wnpt.brlcloud.com/wn/synset?id=02927803-a	anti-American	adj.pert	nil	09044862-n	http://wnpt.brlcloud.com/wn/synset?id=09044862-n	America	noun.location	UnitedStates=
03043667-a	http://wnpt.brlcloud.com/wn/synset?id=03043667-a	Antiguan	adj.pert	Island@	08709945-n	http://wnpt.brlcloud.com/wn/synset?id=08709945-n	Antigua	noun.location	Island@
02635395-a	http://wnpt.brlcloud.com/wn/synset?id=02635395-a	Appalachian	adj.pert	GeographicArea+	08493493-n	http://wnpt.brlcloud.com/wn/synset?id=08493493-n	Appalachia	noun.location	GeographicArea@
03044566-a	http://wnpt.brlcloud.com/wn/synset?id=03044566-a	Arabian	adj.pert	LandArea@	08847694-n	http://wnpt.brlcloud.com/wn/synset?id=08847694-n	Arabia	noun.location	LandArea@
02637182-a	http://wnpt.brlcloud.com/wn/synset?id=02637182-a	Aramaean	adj.pert	nil	09033813-n	http://wnpt.brlcloud.com/wn/synset?id=09033813-n	Aram	noun.location	Nation@
02637182-a	http://wnpt.brlcloud.com/wn/synset?id=02637182-a	Aramean	adj.pert	nil	09033813-n	http://wnpt.brlcloud.com/wn/synset?id=09033813-n	Aram	noun.location	Nation@
02966972-a	http://wnpt.brlcloud.com/wn/synset?id=02966972-a	Argentine	adj.pert	Nation@	08711974-n	http://wnpt.brlcloud.com/wn/synset?id=08711974-n	Argentina	noun.location	Argentina=
02966972-a	http://wnpt.brlcloud.com/wn/synset?id=02966972-a	Argentinian	adj.pert	Nation@	08711974-n	http://wnpt.brlcloud.com/wn/synset?id=08711974-n	Argentina	noun.location	Argentina=
03017788-a	http://wnpt.brlcloud.com/wn/synset?id=03017788-a	Argive	adj.pert	City@	08786660-n	http://wnpt.brlcloud.com/wn/synset?id=08786660-n	Argos	noun.location	City@
02625648-a	http://wnpt.brlcloud.com/wn/synset?id=02625648-a	Armenian	adj.pert	nil	09017526-n	http://wnpt.brlcloud.com/wn/synset?id=09017526-n	Armenia	noun.location	Armenia=
02977465-a	http://wnpt.brlcloud.com/wn/synset?id=02977465-a	Assamese	adj.pert	StateOrProvince@	08902097-n	http://wnpt.brlcloud.com/wn/synset?id=08902097-n	Assam	noun.location	StateOrProvince@
02972499-a	http://wnpt.brlcloud.com/wn/synset?id=02972499-a	Athenian	adj.pert	City@	08785343-n	http://wnpt.brlcloud.com/wn/synset?id=08785343-n	Athens	noun.location	City@
03017286-a	http://wnpt.brlcloud.com/wn/synset?id=03017286-a	Attic	adj.pert	City@	08786283-n	http://wnpt.brlcloud.com/wn/synset?id=08786283-n	Attica	noun.location	LandArea@
02650425-a	http://wnpt.brlcloud.com/wn/synset?id=02650425-a	Australasian	adj.pert	GeographicArea@	08836165-n	http://wnpt.brlcloud.com/wn/synset?id=08836165-n	Australasia	noun.location	LandArea@
02961099-a	http://wnpt.brlcloud.com/wn/synset?id=02961099-a	Austrian	adj.pert	Nation@	08845555-n	http://wnpt.brlcloud.com/wn/synset?id=08845555-n	Austria	noun.location	Austria=
02977638-a	http://wnpt.brlcloud.com/wn/synset?id=02977638-a	Austronesian	adj.pert	Island+	08836329-n	http://wnpt.brlcloud.com/wn/synset?id=08836329-n	Austronesia	noun.location	LandArea@
02655560-a	http://wnpt.brlcloud.com/wn/synset?id=02655560-a	Azerbaijani	adj.pert	nil	09018162-n	http://wnpt.brlcloud.com/wn/synset?id=09018162-n	Azerbaijan	noun.location	Azerbaijan=
02656539-a	http://wnpt.brlcloud.com/wn/synset?id=02656539-a	Babylonian	adj.pert	nil	08916832-n	http://wnpt.brlcloud.com/wn/synset?id=08916832-n	Babylon	noun.location	City@
03045992-a	http://wnpt.brlcloud.com/wn/synset?id=03045992-a	Bahamian	adj.pert	Nation@	08847268-n	http://wnpt.brlcloud.com/wn/synset?id=08847268-n	Bahamas	noun.location	Island@
03046184-a	http://wnpt.brlcloud.com/wn/synset?id=03046184-a	Bahraini	adj.pert	Nation@	08848421-n	http://wnpt.brlcloud.com/wn/synset?id=08848421-n	Bahrain	noun.location	Island@
02962659-a	http://wnpt.brlcloud.com/wn/synset?id=02962659-a	Baltic	adj.pert	GeopoliticalArea@	09012101-n	http://wnpt.brlcloud.com/wn/synset?id=09012101-n	Baltic_State	noun.location	Nation+
03046349-a	http://wnpt.brlcloud.com/wn/synset?id=03046349-a	Bangladeshi	adj.pert	Nation@	08848731-n	http://wnpt.brlcloud.com/wn/synset?id=08848731-n	Bangladesh	noun.location	Bangladesh=
03047188-a	http://wnpt.brlcloud.com/wn/synset?id=03047188-a	Barbadian	adj.pert	Nation@	08755214-n	http://wnpt.brlcloud.com/wn/synset?id=08755214-n	Barbados	noun.location	LandArea@
02969775-a	http://wnpt.brlcloud.com/wn/synset?id=02969775-a	Bavarian	adj.pert	StateOrProvince@	08771596-n	http://wnpt.brlcloud.com/wn/synset?id=08771596-n	Bavaria	noun.location	StateOrProvince@
02660940-a	http://wnpt.brlcloud.com/wn/synset?id=02660940-a	Belarusian	adj.pert	nil	09011151-n	http://wnpt.brlcloud.com/wn/synset?id=09011151-n	Belarus	noun.location	Belarus=
02960507-a	http://wnpt.brlcloud.com/wn/synset?id=02960507-a	Belgian	adj.pert	Nation@	08849753-n	http://wnpt.brlcloud.com/wn/synset?id=08849753-n	Belgium	noun.location	Belgium=
03047714-a	http://wnpt.brlcloud.com/wn/synset?id=03047714-a	Bengali	adj.pert	LandArea@	08710535-n	http://wnpt.brlcloud.com/wn/synset?id=08710535-n	Bengal	noun.location	LandArea@
03047898-a	http://wnpt.brlcloud.com/wn/synset?id=03047898-a	Beninese	adj.pert	Nation@	08759420-n	http://wnpt.brlcloud.com/wn/synset?id=08759420-n	Benin	noun.location	Benin=
03048046-a	http://wnpt.brlcloud.com/wn/synset?id=03048046-a	Bermudan	adj.pert	Nation@	08710678-n	http://wnpt.brlcloud.com/wn/synset?id=08710678-n	Bermuda	noun.location	LandArea@
03048204-a	http://wnpt.brlcloud.com/wn/synset?id=03048204-a	Bhutanese	adj.pert	Nation@	08852209-n	http://wnpt.brlcloud.com/wn/synset?id=08852209-n	Bhutan	noun.location	Bhutan=
03017468-a	http://wnpt.brlcloud.com/wn/synset?id=03017468-a	Boeotian	adj.pert	GeopoliticalArea@	08789243-n	http://wnpt.brlcloud.com/wn/synset?id=08789243-n	Boeotia	noun.location	LandArea@
02667426-a	http://wnpt.brlcloud.com/wn/synset?id=02667426-a	Bohemian	adj.pert	nil	08758882-n	http://wnpt.brlcloud.com/wn/synset?id=08758882-n	Bohemia	noun.location	GeographicArea@
02967485-a	http://wnpt.brlcloud.com/wn/synset?id=02967485-a	Bolivian	adj.pert	Nation@	08852843-n	http://wnpt.brlcloud.com/wn/synset?id=08852843-n	Bolivia	noun.location	Bolivia=
02964629-a	http://wnpt.brlcloud.com/wn/synset?id=02964629-a	Bosnian	adj.pert	GeopoliticalArea@	08817630-n	http://wnpt.brlcloud.com/wn/synset?id=08817630-n	Bosnia-Herzegovina	noun.location	Nation@
02668585-a	http://wnpt.brlcloud.com/wn/synset?id=02668585-a	Botswanan	adj.pert	nil	08852389-n	http://wnpt.brlcloud.com/wn/synset?id=08852389-n	Botswana	noun.location	Botswana=
02966829-a	http://wnpt.brlcloud.com/wn/synset?id=02966829-a	Brazilian	adj.pert	Nation@	08853741-n	http://wnpt.brlcloud.com/wn/synset?id=08853741-n	Brazil	noun.location	Brazil=
03022177-a	http://wnpt.brlcloud.com/wn/synset?id=03022177-a	British	adj.pert	UnitedKingdomOfGreatBritainAndNorthernIreland=	08858942-n	http://wnpt.brlcloud.com/wn/synset?id=08858942-n	Great_Britain	noun.location	Island@
03051035-a	http://wnpt.brlcloud.com/wn/synset?id=03051035-a	Bruneian	adj.pert	Nation@	08896092-n	http://wnpt.brlcloud.com/wn/synset?id=08896092-n	Brunei	noun.location	Brunei=
03051307-a	http://wnpt.brlcloud.com/wn/synset?id=03051307-a	Bulgarian	adj.pert	Nation@	08714132-n	http://wnpt.brlcloud.com/wn/synset?id=08714132-n	Bulgaria	noun.location	Bulgaria=
03052018-a	http://wnpt.brlcloud.com/wn/synset?id=03052018-a	Burmese	adj.pert	Nation@	08715390-n	http://wnpt.brlcloud.com/wn/synset?id=08715390-n	Myanmar	noun.location	Myanmar=
03052218-a	http://wnpt.brlcloud.com/wn/synset?id=03052218-a	Burundi	adj.pert	Nation@	08716219-n	http://wnpt.brlcloud.com/wn/synset?id=08716219-n	Burundi	noun.location	Burundi=
03052218-a	http://wnpt.brlcloud.com/wn/synset?id=03052218-a	Burundian	adj.pert	Nation@	08716219-n	http://wnpt.brlcloud.com/wn/synset?id=08716219-n	Burundi	noun.location	Burundi=
02969925-a	http://wnpt.brlcloud.com/wn/synset?id=02969925-a	Byzantine	adj.pert	GeopoliticalArea@	08800676-n	http://wnpt.brlcloud.com/wn/synset?id=08800676-n	Byzantine_Empire	noun.location	LandArea@
02978495-a	http://wnpt.brlcloud.com/wn/synset?id=02978495-a	Calcuttan	adj.pert	City@	08903636-n	http://wnpt.brlcloud.com/wn/synset?id=08903636-n	Calcutta	noun.location	CalcuttaIndia=
03052403-a	http://wnpt.brlcloud.com/wn/synset?id=03052403-a	Californian	adj.pert	StateOrProvince@	09060768-n	http://wnpt.brlcloud.com/wn/synset?id=09060768-n	California	noun.location	California=
02968828-a	http://wnpt.brlcloud.com/wn/synset?id=02968828-a	Cambodian	adj.pert	Nation@	08716738-n	http://wnpt.brlcloud.com/wn/synset?id=08716738-n	Cambodia	noun.location	Cambodia=
03130073-a	http://wnpt.brlcloud.com/wn/synset?id=03130073-a	Cambrian	adj.pert	GeopoliticalArea@	08894456-n	http://wnpt.brlcloud.com/wn/synset?id=08894456-n	Cambria	noun.location	Nation@
03052588-a	http://wnpt.brlcloud.com/wn/synset?id=03052588-a	Cameroonian	adj.pert	Nation@	08717209-n	http://wnpt.brlcloud.com/wn/synset?id=08717209-n	Cameroon	noun.location	Cameroon=
02982473-a	http://wnpt.brlcloud.com/wn/synset?id=02982473-a	Canadian	adj.pert	Nation@	08820121-n	http://wnpt.brlcloud.com/wn/synset?id=08820121-n	Canada	noun.location	Canada=
03052963-a	http://wnpt.brlcloud.com/wn/synset?id=03052963-a	cantonal	adj.pert	StateOrProvince+	08725454-n	http://wnpt.brlcloud.com/wn/synset?id=08725454-n	Canton	noun.location	City@
02678371-a	http://wnpt.brlcloud.com/wn/synset?id=02678371-a	Cappadocian	adj.pert	nil	08701161-n	http://wnpt.brlcloud.com/wn/synset?id=08701161-n	Cappadocia	noun.location	GeographicArea@
03104740-a	http://wnpt.brlcloud.com/wn/synset?id=03104740-a	Carthaginian	adj.pert	City@	08919949-n	http://wnpt.brlcloud.com/wn/synset?id=08919949-n	Carthage	noun.location	City@
03054020-a	http://wnpt.brlcloud.com/wn/synset?id=03054020-a	Catalan	adj.pert	GeopoliticalArea@	09028062-n	http://wnpt.brlcloud.com/wn/synset?id=09028062-n	Catalonia	noun.location	LandArea@
02843959-a	http://wnpt.brlcloud.com/wn/synset?id=02843959-a	Caucasian	adj.pert	GeographicArea@	08519624-n	http://wnpt.brlcloud.com/wn/synset?id=08519624-n	Caucasus	noun.location	LandArea@
02843959-a	http://wnpt.brlcloud.com/wn/synset?id=02843959-a	Caucasic	adj.pert	GeographicArea@	08519624-n	http://wnpt.brlcloud.com/wn/synset?id=08519624-n	Caucasus	noun.location	LandArea@
03004196-a	http://wnpt.brlcloud.com/wn/synset?id=03004196-a	Central_American	adj.pert	LandArea@	08735705-n	http://wnpt.brlcloud.com/wn/synset?id=08735705-n	Central_America	noun.location	LandArea@
03118413-a	http://wnpt.brlcloud.com/wn/synset?id=03118413-a	Ceylonese	adj.pert	Nation@	08718962-n	http://wnpt.brlcloud.com/wn/synset?id=08718962-n	Ceylon	noun.location	Island@
03054743-a	http://wnpt.brlcloud.com/wn/synset?id=03054743-a	Chadian	adj.pert	Nation@	08720037-n	http://wnpt.brlcloud.com/wn/synset?id=08720037-n	Chad	noun.location	Chad=
02690613-a	http://wnpt.brlcloud.com/wn/synset?id=02690613-a	Chaldaean	adj.pert	nil	08917881-n	http://wnpt.brlcloud.com/wn/synset?id=08917881-n	Chaldea	noun.location	GeographicArea@
02690613-a	http://wnpt.brlcloud.com/wn/synset?id=02690613-a	Chaldean	adj.pert	nil	08917881-n	http://wnpt.brlcloud.com/wn/synset?id=08917881-n	Chaldea	noun.location	GeographicArea@
02690613-a	http://wnpt.brlcloud.com/wn/synset?id=02690613-a	Chaldee	adj.pert	nil	08917881-n	http://wnpt.brlcloud.com/wn/synset?id=08917881-n	Chaldea	noun.location	GeographicArea@
02691839-a	http://wnpt.brlcloud.com/wn/synset?id=02691839-a	Chechen	adj.pert	nil	09004625-n	http://wnpt.brlcloud.com/wn/synset?id=09004625-n	Chechnya	noun.location	GeographicArea@
02693802-a	http://wnpt.brlcloud.com/wn/synset?id=02693802-a	Chian	adj.pert	Island@	08782976-n	http://wnpt.brlcloud.com/wn/synset?id=08782976-n	Chios	noun.location	Island@
02965985-a	http://wnpt.brlcloud.com/wn/synset?id=02965985-a	Chilean	adj.pert	Nation@	08720481-n	http://wnpt.brlcloud.com/wn/synset?id=08720481-n	Chile	noun.location	Chile=
02964782-a	http://wnpt.brlcloud.com/wn/synset?id=02964782-a	Chinese	adj.pert	Nation@	08730550-n	http://wnpt.brlcloud.com/wn/synset?id=08730550-n	China	noun.location	GeopoliticalArea@
02967618-a	http://wnpt.brlcloud.com/wn/synset?id=02967618-a	Colombian	adj.pert	Nation@	08732116-n	http://wnpt.brlcloud.com/wn/synset?id=08732116-n	Colombia	noun.location	Colombia=
03056115-a	http://wnpt.brlcloud.com/wn/synset?id=03056115-a	Congolese	adj.pert	LandArea@	08734385-n	http://wnpt.brlcloud.com/wn/synset?id=08734385-n	Congo	noun.location	DemocraticRepublicOfTheCongo=
02886263-a	http://wnpt.brlcloud.com/wn/synset?id=02886263-a	Continental	adj.pert	Europe@	08696737-n	http://wnpt.brlcloud.com/wn/synset?id=08696737-n	Continent	noun.location	Continent=
02704686-a	http://wnpt.brlcloud.com/wn/synset?id=02704686-a	corinthian	adj.pert	nil	08786432-n	http://wnpt.brlcloud.com/wn/synset?id=08786432-n	Corinth	noun.location	City@
02704344-a	http://wnpt.brlcloud.com/wn/synset?id=02704344-a	Cornish	adj.pert	nil	08881398-n	http://wnpt.brlcloud.com/wn/synset?id=08881398-n	Cornwall	noun.location	LandArea@
03025252-a	http://wnpt.brlcloud.com/wn/synset?id=03025252-a	Corsican	adj.pert	Island@	08941895-n	http://wnpt.brlcloud.com/wn/synset?id=08941895-n	Corsica	noun.location	LandArea@
03056693-a	http://wnpt.brlcloud.com/wn/synset?id=03056693-a	Costa_Rican	adj.pert	Nation@	08736107-n	http://wnpt.brlcloud.com/wn/synset?id=08736107-n	Costa_Rica	noun.location	CostaRica=
02964107-a	http://wnpt.brlcloud.com/wn/synset?id=02964107-a	Croatian	adj.pert	GeopoliticalArea@	08815858-n	http://wnpt.brlcloud.com/wn/synset?id=08815858-n	Croatia	noun.location	Croatia=
02969591-a	http://wnpt.brlcloud.com/wn/synset?id=02969591-a	Cuban	adj.pert	Nation@	08750334-n	http://wnpt.brlcloud.com/wn/synset?id=08750334-n	Cuba	noun.location	Cuba=
03058754-a	http://wnpt.brlcloud.com/wn/synset?id=03058754-a	Cyprian	adj.pert	GeopoliticalArea@	08756735-n	http://wnpt.brlcloud.com/wn/synset?id=08756735-n	Cyprus	noun.location	Island@
03058754-a	http://wnpt.brlcloud.com/wn/synset?id=03058754-a	Cypriot	adj.pert	GeopoliticalArea@	08756735-n	http://wnpt.brlcloud.com/wn/synset?id=08756735-n	Cyprus	noun.location	Island@
03058754-a	http://wnpt.brlcloud.com/wn/synset?id=03058754-a	Cypriote	adj.pert	GeopoliticalArea@	08756735-n	http://wnpt.brlcloud.com/wn/synset?id=08756735-n	Cyprus	noun.location	Island@
02961688-a	http://wnpt.brlcloud.com/wn/synset?id=02961688-a	Czech	adj.pert	Nation@	08757569-n	http://wnpt.brlcloud.com/wn/synset?id=08757569-n	Czechoslovakia	noun.location	Nation@
02961688-a	http://wnpt.brlcloud.com/wn/synset?id=02961688-a	Czechoslovakian	adj.pert	Nation@	08757569-n	http://wnpt.brlcloud.com/wn/synset?id=08757569-n	Czechoslovakia	noun.location	Nation@
03059551-a	http://wnpt.brlcloud.com/wn/synset?id=03059551-a	Dalmatian	adj.pert	GeographicArea@	08819223-n	http://wnpt.brlcloud.com/wn/synset?id=08819223-n	Dalmatia	noun.location	LandArea@
03059688-a	http://wnpt.brlcloud.com/wn/synset?id=03059688-a	damascene	adj.pert	City@	09033936-n	http://wnpt.brlcloud.com/wn/synset?id=09033936-n	Damascus	noun.location	City@
02960338-a	http://wnpt.brlcloud.com/wn/synset?id=02960338-a	Danish	adj.pert	Nation@	08761244-n	http://wnpt.brlcloud.com/wn/synset?id=08761244-n	Denmark	noun.location	Denmark=
03060601-a	http://wnpt.brlcloud.com/wn/synset?id=03060601-a	Delphian	adj.pert	City@	08786855-n	http://wnpt.brlcloud.com/wn/synset?id=08786855-n	Delphi	noun.location	City@
03060601-a	http://wnpt.brlcloud.com/wn/synset?id=03060601-a	Delphic	adj.pert	City@	08786855-n	http://wnpt.brlcloud.com/wn/synset?id=08786855-n	Delphi	noun.location	City@
03017659-a	http://wnpt.brlcloud.com/wn/synset?id=03017659-a	Dipylon	adj.pert	GeopoliticalArea@	08785958-n	http://wnpt.brlcloud.com/wn/synset?id=08785958-n	Dipylon_gate	noun.location	StationaryArtifact@
03061762-a	http://wnpt.brlcloud.com/wn/synset?id=03061762-a	Djiboutian	adj.pert	Nation@	08762495-n	http://wnpt.brlcloud.com/wn/synset?id=08762495-n	Djibouti	noun.location	Djibouti=
03062595-a	http://wnpt.brlcloud.com/wn/synset?id=03062595-a	Dominican	adj.pert	Nation@	08752021-n	http://wnpt.brlcloud.com/wn/synset?id=08752021-n	Dominican_Republic	noun.location	DominicanRepublic=
02847207-a	http://wnpt.brlcloud.com/wn/synset?id=02847207-a	Dorian	adj.pert	nil	08783444-n	http://wnpt.brlcloud.com/wn/synset?id=08783444-n	Doris	noun.location	CognitiveAgent@
02960686-a	http://wnpt.brlcloud.com/wn/synset?id=02960686-a	Dutch	adj.pert	Nation@	08949093-n	http://wnpt.brlcloud.com/wn/synset?id=08949093-n	Netherlands	noun.location	Netherlands=
02941957-a	http://wnpt.brlcloud.com/wn/synset?id=02941957-a	East_African	adj.pert	nil	08699426-n	http://wnpt.brlcloud.com/wn/synset?id=08699426-n	East_Africa	noun.location	GeographicArea@
02957699-a	http://wnpt.brlcloud.com/wn/synset?id=02957699-a	East_German	adj.pert	Nation@	08768647-n	http://wnpt.brlcloud.com/wn/synset?id=08768647-n	East_Germany	noun.location	Nation@
02942077-a	http://wnpt.brlcloud.com/wn/synset?id=02942077-a	East_Indian	adj.pert	nil	08841956-n	http://wnpt.brlcloud.com/wn/synset?id=08841956-n	East_Indies	noun.location	LandArea@
03046349-a	http://wnpt.brlcloud.com/wn/synset?id=03046349-a	East_Pakistani	adj.pert	Nation@	08848731-n	http://wnpt.brlcloud.com/wn/synset?id=08848731-n	Bangladesh	noun.location	Bangladesh=
02966324-a	http://wnpt.brlcloud.com/wn/synset?id=02966324-a	Ecuadorian	adj.pert	Nation@	08776687-n	http://wnpt.brlcloud.com/wn/synset?id=08776687-n	Ecuador	noun.location	Ecuador=
02971469-a	http://wnpt.brlcloud.com/wn/synset?id=02971469-a	Egyptian	adj.pert	Nation@	08897065-n	http://wnpt.brlcloud.com/wn/synset?id=08897065-n	Egypt	noun.location	Egypt=
03003344-a	http://wnpt.brlcloud.com/wn/synset?id=03003344-a	English	adj.pert	UnitedKingdom=	08871007-n	http://wnpt.brlcloud.com/wn/synset?id=08871007-n	England	noun.location	UnitedKingdom=
02715677-a	http://wnpt.brlcloud.com/wn/synset?id=02715677-a	Ephesian	adj.pert	nil	08788326-n	http://wnpt.brlcloud.com/wn/synset?id=08788326-n	Ephesus	noun.location	City@
03064520-a	http://wnpt.brlcloud.com/wn/synset?id=03064520-a	Eritrean	adj.pert	StateOrProvince@	08777544-n	http://wnpt.brlcloud.com/wn/synset?id=08777544-n	Eritrea	noun.location	Eritrea=
02723158-a	http://wnpt.brlcloud.com/wn/synset?id=02723158-a	Estonian	adj.pert	Nation@	09012297-n	http://wnpt.brlcloud.com/wn/synset?id=09012297-n	Estonia	noun.location	Estonia=
03064693-a	http://wnpt.brlcloud.com/wn/synset?id=03064693-a	Ethiopian	adj.pert	Nation@	08778061-n	http://wnpt.brlcloud.com/wn/synset?id=08778061-n	Ethiopia	noun.location	Ethiopia=
03065969-a	http://wnpt.brlcloud.com/wn/synset?id=03065969-a	Fijian	adj.pert	Nation@	08779149-n	http://wnpt.brlcloud.com/wn/synset?id=08779149-n	Fiji	noun.location	Fiji=
03066180-a	http://wnpt.brlcloud.com/wn/synset?id=03066180-a	Filipino	adj.pert	Nation@	08981244-n	http://wnpt.brlcloud.com/wn/synset?id=08981244-n	Philippines	noun.location	Philippines=
02959553-a	http://wnpt.brlcloud.com/wn/synset?id=02959553-a	Finnish	adj.pert	Nation@	08779504-n	http://wnpt.brlcloud.com/wn/synset?id=08779504-n	Finland	noun.location	Finland=
03066448-a	http://wnpt.brlcloud.com/wn/synset?id=03066448-a	Flemish	adj.pert	LandArea@	08849549-n	http://wnpt.brlcloud.com/wn/synset?id=08849549-n	Flanders	noun.location	Nation@
02904916-a	http://wnpt.brlcloud.com/wn/synset?id=02904916-a	Florentine	adj.pert	City@	08812166-n	http://wnpt.brlcloud.com/wn/synset?id=08812166-n	Florence	noun.location	City@
02958392-a	http://wnpt.brlcloud.com/wn/synset?id=02958392-a	French	adj.pert	Nation@	08929922-n	http://wnpt.brlcloud.com/wn/synset?id=08929922-n	France	noun.location	France=
02732405-a	http://wnpt.brlcloud.com/wn/synset?id=02732405-a	Frisian	adj.pert	Human+	08951777-n	http://wnpt.brlcloud.com/wn/synset?id=08951777-n	Frisia	noun.location	GeographicArea@
02732405-a	http://wnpt.brlcloud.com/wn/synset?id=02732405-a	Frisian	adj.pert	Human+	08951385-n	http://wnpt.brlcloud.com/wn/synset?id=08951385-n	Friesland	noun.location	StateOrProvince@
03066825-a	http://wnpt.brlcloud.com/wn/synset?id=03066825-a	Gabonese	adj.pert	Nation@	08945529-n	http://wnpt.brlcloud.com/wn/synset?id=08945529-n	Gabon	noun.location	Gabon=
02732569-a	http://wnpt.brlcloud.com/wn/synset?id=02732569-a	Galilaean	adj.pert	Human+	08793914-n	http://wnpt.brlcloud.com/wn/synset?id=08793914-n	Galilee	noun.location	GeographicArea@
02732569-a	http://wnpt.brlcloud.com/wn/synset?id=02732569-a	Galilean	adj.pert	Human+	08793914-n	http://wnpt.brlcloud.com/wn/synset?id=08793914-n	Galilee	noun.location	GeographicArea@
02958392-a	http://wnpt.brlcloud.com/wn/synset?id=02958392-a	Gallic	adj.pert	Nation@	08929922-n	http://wnpt.brlcloud.com/wn/synset?id=08929922-n	France	noun.location	France=
03066978-a	http://wnpt.brlcloud.com/wn/synset?id=03066978-a	Gallic	adj.pert	GeopoliticalArea@	08929722-n	http://wnpt.brlcloud.com/wn/synset?id=08929722-n	Gaul	noun.location	LandArea@
02978335-a	http://wnpt.brlcloud.com/wn/synset?id=02978335-a	Galwegian	adj.pert	StateOrProvince@	08892058-n	http://wnpt.brlcloud.com/wn/synset?id=08892058-n	Galloway	noun.location	LandArea@
03067153-a	http://wnpt.brlcloud.com/wn/synset?id=03067153-a	Gambian	adj.pert	Nation@	08945821-n	http://wnpt.brlcloud.com/wn/synset?id=08945821-n	Gambia	noun.location	Gambia=
02973056-a	http://wnpt.brlcloud.com/wn/synset?id=02973056-a	Genoese	adj.pert	City@	08808452-n	http://wnpt.brlcloud.com/wn/synset?id=08808452-n	Genoa	noun.location	City@
02973056-a	http://wnpt.brlcloud.com/wn/synset?id=02973056-a	Genovese	adj.pert	City@	08808452-n	http://wnpt.brlcloud.com/wn/synset?id=08808452-n	Genoa	noun.location	City@
03067957-a	http://wnpt.brlcloud.com/wn/synset?id=03067957-a	Georgian	adj.pert	Nation@	09018848-n	http://wnpt.brlcloud.com/wn/synset?id=09018848-n	Georgia	noun.location	RepublicOfGeorgia=
03068198-a	http://wnpt.brlcloud.com/wn/synset?id=03068198-a	Georgian	adj.pert	GeopoliticalArea@	09076421-n	http://wnpt.brlcloud.com/wn/synset?id=09076421-n	Georgia	noun.location	LandArea@
03067712-a	http://wnpt.brlcloud.com/wn/synset?id=03067712-a	Georgian	adj.pert	StateOrProvince@	09075842-n	http://wnpt.brlcloud.com/wn/synset?id=09075842-n	Georgia	noun.location	Georgia=
02957469-a	http://wnpt.brlcloud.com/wn/synset?id=02957469-a	German	adj.pert	Germany=	08766988-n	http://wnpt.brlcloud.com/wn/synset?id=08766988-n	Germany	noun.location	Germany=
03068473-a	http://wnpt.brlcloud.com/wn/synset?id=03068473-a	Ghanaian	adj.pert	Nation@	08946187-n	http://wnpt.brlcloud.com/wn/synset?id=08946187-n	Ghana	noun.location	Ghana=
03068473-a	http://wnpt.brlcloud.com/wn/synset?id=03068473-a	Ghanese	adj.pert	Nation@	08946187-n	http://wnpt.brlcloud.com/wn/synset?id=08946187-n	Ghana	noun.location	Ghana=
03068473-a	http://wnpt.brlcloud.com/wn/synset?id=03068473-a	Ghanian	adj.pert	Nation@	08946187-n	http://wnpt.brlcloud.com/wn/synset?id=08946187-n	Ghana	noun.location	Ghana=
03068737-a	http://wnpt.brlcloud.com/wn/synset?id=03068737-a	Gibraltarian	adj.pert	LandArea@	09028841-n	http://wnpt.brlcloud.com/wn/synset?id=09028841-n	Gibraltar	noun.location	LandArea@
02971311-a	http://wnpt.brlcloud.com/wn/synset?id=02971311-a	Glaswegian	adj.pert	City@	08892971-n	http://wnpt.brlcloud.com/wn/synset?id=08892971-n	Glasgow	noun.location	City@
03016202-a	http://wnpt.brlcloud.com/wn/synset?id=03016202-a	Grecian	adj.pert	Nation@	08780881-n	http://wnpt.brlcloud.com/wn/synset?id=08780881-n	Greece	noun.location	Greece=
03016202-a	http://wnpt.brlcloud.com/wn/synset?id=03016202-a	Greek	adj.pert	Nation@	08780881-n	http://wnpt.brlcloud.com/wn/synset?id=08780881-n	Greece	noun.location	Greece=
03070697-a	http://wnpt.brlcloud.com/wn/synset?id=03070697-a	Grenadian	adj.pert	Nation@	08946909-n	http://wnpt.brlcloud.com/wn/synset?id=08946909-n	Grenada	noun.location	Island@
03071022-a	http://wnpt.brlcloud.com/wn/synset?id=03071022-a	Guatemalan	adj.pert	Nation@	08737041-n	http://wnpt.brlcloud.com/wn/synset?id=08737041-n	Guatemala	noun.location	Guatemala=
03071201-a	http://wnpt.brlcloud.com/wn/synset?id=03071201-a	Guinean	adj.pert	Nation@	08947319-n	http://wnpt.brlcloud.com/wn/synset?id=08947319-n	Guinea	noun.location	Guinea=
03071374-a	http://wnpt.brlcloud.com/wn/synset?id=03071374-a	Guyanese	adj.pert	Nation@	08948346-n	http://wnpt.brlcloud.com/wn/synset?id=08948346-n	Guyana	noun.location	Guyana=
03071651-a	http://wnpt.brlcloud.com/wn/synset?id=03071651-a	Haitian	adj.pert	Nation@	08751494-n	http://wnpt.brlcloud.com/wn/synset?id=08751494-n	Haiti	noun.location	Haiti=
02738760-a	http://wnpt.brlcloud.com/wn/synset?id=02738760-a	Hawaiian	adj.pert	nil	09079505-n	http://wnpt.brlcloud.com/wn/synset?id=09079505-n	Hawaii	noun.location	Island@
02738760-a	http://wnpt.brlcloud.com/wn/synset?id=02738760-a	Hawaiian	adj.pert	nil	09078231-n	http://wnpt.brlcloud.com/wn/synset?id=09078231-n	Hawaii	noun.location	Hawaii=
02739085-a	http://wnpt.brlcloud.com/wn/synset?id=02739085-a	Hebridean	adj.pert	Island+	08893223-n	http://wnpt.brlcloud.com/wn/synset?id=08893223-n	Hebrides	noun.location	LandArea@
03016202-a	http://wnpt.brlcloud.com/wn/synset?id=03016202-a	Hellenic	adj.pert	Nation@	08780881-n	http://wnpt.brlcloud.com/wn/synset?id=08780881-n	Greece	noun.location	Greece=
02971672-a	http://wnpt.brlcloud.com/wn/synset?id=02971672-a	Hindustani	adj.pert	LandArea@	08902422-n	http://wnpt.brlcloud.com/wn/synset?id=08902422-n	Hindustan	noun.location	LandArea@
03072028-a	http://wnpt.brlcloud.com/wn/synset?id=03072028-a	Hispaniolan	adj.pert	Island@	08751317-n	http://wnpt.brlcloud.com/wn/synset?id=08751317-n	Haiti	noun.location	Island@
02969241-a	http://wnpt.brlcloud.com/wn/synset?id=02969241-a	Honduran	adj.pert	Nation@	08737716-n	http://wnpt.brlcloud.com/wn/synset?id=08737716-n	Honduras	noun.location	Honduras=
02961505-a	http://wnpt.brlcloud.com/wn/synset?id=02961505-a	Hungarian	adj.pert	Nation@	08952190-n	http://wnpt.brlcloud.com/wn/synset?id=08952190-n	Hungary	noun.location	Hungary=
02958714-a	http://wnpt.brlcloud.com/wn/synset?id=02958714-a	Iberian	adj.pert	LandArea@	08984567-n	http://wnpt.brlcloud.com/wn/synset?id=08984567-n	Iberia	noun.location	LandArea@
03074173-a	http://wnpt.brlcloud.com/wn/synset?id=03074173-a	Icelandic	adj.pert	Nation@	08953324-n	http://wnpt.brlcloud.com/wn/synset?id=08953324-n	Iceland	noun.location	Iceland=
02928347-a	http://wnpt.brlcloud.com/wn/synset?id=02928347-a	Indian	adj.pert	LandArea@	08900535-n	http://wnpt.brlcloud.com/wn/synset?id=08900535-n	India	noun.location	India=
02972194-a	http://wnpt.brlcloud.com/wn/synset?id=02972194-a	Indonesian	adj.pert	Nation@	08907606-n	http://wnpt.brlcloud.com/wn/synset?id=08907606-n	Indonesia	noun.location	Indonesia=
02751177-a	http://wnpt.brlcloud.com/wn/synset?id=02751177-a	Ionian	adj.pert	nil	08786283-n	http://wnpt.brlcloud.com/wn/synset?id=08786283-n	Attica	noun.location	LandArea@
02750948-a	http://wnpt.brlcloud.com/wn/synset?id=02750948-a	Ionic	adj.pert	Building+	09042924-n	http://wnpt.brlcloud.com/wn/synset?id=09042924-n	Ionia	noun.location	LandArea@
03075470-a	http://wnpt.brlcloud.com/wn/synset?id=03075470-a	Iraki	adj.pert	Nation@	08913434-n	http://wnpt.brlcloud.com/wn/synset?id=08913434-n	Iraq	noun.location	Iraq=
03075191-a	http://wnpt.brlcloud.com/wn/synset?id=03075191-a	Iranian	adj.pert	Nation@	08910668-n	http://wnpt.brlcloud.com/wn/synset?id=08910668-n	Iran	noun.location	Iran=
03075470-a	http://wnpt.brlcloud.com/wn/synset?id=03075470-a	Iraqi	adj.pert	Nation@	08913434-n	http://wnpt.brlcloud.com/wn/synset?id=08913434-n	Iraq	noun.location	Iraq=
03003744-a	http://wnpt.brlcloud.com/wn/synset?id=03003744-a	Irish	adj.pert	Ireland=	08859173-n	http://wnpt.brlcloud.com/wn/synset?id=08859173-n	Ireland	noun.location	Island@
02972925-a	http://wnpt.brlcloud.com/wn/synset?id=02972925-a	Israeli	adj.pert	Nation@	08792548-n	http://wnpt.brlcloud.com/wn/synset?id=08792548-n	Israel	noun.location	Israel=
02957066-a	http://wnpt.brlcloud.com/wn/synset?id=02957066-a	Italian	adj.pert	Nation@	08801678-n	http://wnpt.brlcloud.com/wn/synset?id=08801678-n	Italy	noun.location	Italy=
03076432-a	http://wnpt.brlcloud.com/wn/synset?id=03076432-a	Jamaican	adj.pert	Nation@	08753933-n	http://wnpt.brlcloud.com/wn/synset?id=08753933-n	Jamaica	noun.location	Jamaica=
02965043-a	http://wnpt.brlcloud.com/wn/synset?id=02965043-a	Japanese	adj.pert	Nation@	08921850-n	http://wnpt.brlcloud.com/wn/synset?id=08921850-n	Japan	noun.location	Japan=
03076663-a	http://wnpt.brlcloud.com/wn/synset?id=03076663-a	Javan	adj.pert	Nation@	08908248-n	http://wnpt.brlcloud.com/wn/synset?id=08908248-n	Java	noun.location	Island@
03076663-a	http://wnpt.brlcloud.com/wn/synset?id=03076663-a	Javanese	adj.pert	Nation@	08908248-n	http://wnpt.brlcloud.com/wn/synset?id=08908248-n	Java	noun.location	Island@
03077235-a	http://wnpt.brlcloud.com/wn/synset?id=03077235-a	Jordanian	adj.pert	Nation@	08927186-n	http://wnpt.brlcloud.com/wn/synset?id=08927186-n	Jordan	noun.location	Jordan=
02968828-a	http://wnpt.brlcloud.com/wn/synset?id=02968828-a	Kampuchean	adj.pert	Nation@	08716738-n	http://wnpt.brlcloud.com/wn/synset?id=08716738-n	Cambodia	noun.location	Cambodia=
03078234-a	http://wnpt.brlcloud.com/wn/synset?id=03078234-a	Kashmiri	adj.pert	LandArea@	08975617-n	http://wnpt.brlcloud.com/wn/synset?id=08975617-n	Kashmir	noun.location	LandArea@
03107596-a	http://wnpt.brlcloud.com/wn/synset?id=03107596-a	Katari	adj.pert	Nation@	08986905-n	http://wnpt.brlcloud.com/wn/synset?id=08986905-n	Qatar	noun.location	Qatar=
03078445-a	http://wnpt.brlcloud.com/wn/synset?id=03078445-a	Kazakhstani	adj.pert	nil	09019726-n	http://wnpt.brlcloud.com/wn/synset?id=09019726-n	Kazakhstan	noun.location	Kazakhstan=
03078586-a	http://wnpt.brlcloud.com/wn/synset?id=03078586-a	Kenyan	adj.pert	Nation+	08928193-n	http://wnpt.brlcloud.com/wn/synset?id=08928193-n	Kenya	noun.location	Kenya=
02967791-a	http://wnpt.brlcloud.com/wn/synset?id=02967791-a	Korean	adj.pert	EthnicGroup@	08954611-n	http://wnpt.brlcloud.com/wn/synset?id=08954611-n	Korea	noun.location	LandArea@
03078832-a	http://wnpt.brlcloud.com/wn/synset?id=03078832-a	Kurdish	adj.pert	nil	09038990-n	http://wnpt.brlcloud.com/wn/synset?id=09038990-n	Kurdistan	noun.location	GeographicArea@
03079151-a	http://wnpt.brlcloud.com/wn/synset?id=03079151-a	Kuwaiti	adj.pert	Nation@	08929243-n	http://wnpt.brlcloud.com/wn/synset?id=08929243-n	Kuwait	noun.location	Kuwait=
03078975-a	http://wnpt.brlcloud.com/wn/synset?id=03078975-a	Kuwaiti	adj.pert	City@	08929555-n	http://wnpt.brlcloud.com/wn/synset?id=08929555-n	Kuwait	noun.location	City@
02963272-a	http://wnpt.brlcloud.com/wn/synset?id=02963272-a	Kyrgyzstani	adj.pert	nil	09020440-n	http://wnpt.brlcloud.com/wn/synset?id=09020440-n	Kyrgyzstan	noun.location	Kyrgyzstan=
03079293-a	http://wnpt.brlcloud.com/wn/synset?id=03079293-a	Lancastrian	adj.pert	City@	08873269-n	http://wnpt.brlcloud.com/wn/synset?id=08873269-n	Lancaster	noun.location	City@
03079627-a	http://wnpt.brlcloud.com/wn/synset?id=03079627-a	Laotian	adj.pert	Nation@	08956760-n	http://wnpt.brlcloud.com/wn/synset?id=08956760-n	Laos	noun.location	Laos=
03080238-a	http://wnpt.brlcloud.com/wn/synset?id=03080238-a	Latin	adj.pert	GeopoliticalArea@	08806735-n	http://wnpt.brlcloud.com/wn/synset?id=08806735-n	Latium	noun.location	LandArea@
02754995-a	http://wnpt.brlcloud.com/wn/synset?id=02754995-a	Latin-American	adj.pert	LandArea@	09022831-n	http://wnpt.brlcloud.com/wn/synset?id=09022831-n	Latin_America	noun.location	LandArea@
02962818-a	http://wnpt.brlcloud.com/wn/synset?id=02962818-a	Latvian	adj.pert	Nation@	09013074-n	http://wnpt.brlcloud.com/wn/synset?id=09013074-n	Latvia	noun.location	Latvia=
03080619-a	http://wnpt.brlcloud.com/wn/synset?id=03080619-a	Lebanese	adj.pert	Nation@	08957381-n	http://wnpt.brlcloud.com/wn/synset?id=08957381-n	Lebanon	noun.location	Lebanon=
03080862-a	http://wnpt.brlcloud.com/wn/synset?id=03080862-a	Levantine	adj.pert	LandArea@	08915159-n	http://wnpt.brlcloud.com/wn/synset?id=08915159-n	Levant	noun.location	LandArea@
03081006-a	http://wnpt.brlcloud.com/wn/synset?id=03081006-a	Liberian	adj.pert	Nation@	08959254-n	http://wnpt.brlcloud.com/wn/synset?id=08959254-n	Liberia	noun.location	Liberia=
03081160-a	http://wnpt.brlcloud.com/wn/synset?id=03081160-a	Libyan	adj.pert	Nation@	08959683-n	http://wnpt.brlcloud.com/wn/synset?id=08959683-n	Libya	noun.location	Libya=
03081328-a	http://wnpt.brlcloud.com/wn/synset?id=03081328-a	Liechtensteiner	adj.pert	Nation@	08960548-n	http://wnpt.brlcloud.com/wn/synset?id=08960548-n	Liechtenstein	noun.location	Liechtenstein=
02962961-a	http://wnpt.brlcloud.com/wn/synset?id=02962961-a	Lithuanian	adj.pert	Nation@	09013830-n	http://wnpt.brlcloud.com/wn/synset?id=09013830-n	Lithuania	noun.location	Lithuania=
03081813-a	http://wnpt.brlcloud.com/wn/synset?id=03081813-a	Liverpudlian	adj.pert	City@	08877382-n	http://wnpt.brlcloud.com/wn/synset?id=08877382-n	Liverpool	noun.location	PortCity@
02958844-a	http://wnpt.brlcloud.com/wn/synset?id=02958844-a	Lusitanian	adj.pert	LandArea@	09166304-n	http://wnpt.brlcloud.com/wn/synset?id=09166304-n	Lusitania	noun.location	LandArea@
02960832-a	http://wnpt.brlcloud.com/wn/synset?id=02960832-a	Luxembourgian	adj.pert	Nation@	08960987-n	http://wnpt.brlcloud.com/wn/synset?id=08960987-n	Luxembourg	noun.location	Luxembourg=
03082125-a	http://wnpt.brlcloud.com/wn/synset?id=03082125-a	Luxemburger	adj.pert	City@	08961402-n	http://wnpt.brlcloud.com/wn/synset?id=08961402-n	Luxemburg	noun.location	City@
03081986-a	http://wnpt.brlcloud.com/wn/synset?id=03081986-a	Luxemburger	adj.pert	Nation@	08960987-n	http://wnpt.brlcloud.com/wn/synset?id=08960987-n	Luxemburg	noun.location	Luxembourg=
03082253-a	http://wnpt.brlcloud.com/wn/synset?id=03082253-a	Macedonian	adj.pert	GeopoliticalArea@	08961630-n	http://wnpt.brlcloud.com/wn/synset?id=08961630-n	Macedonia	noun.location	Macedonia=
03082589-a	http://wnpt.brlcloud.com/wn/synset?id=03082589-a	Madagascan	adj.pert	Island@	08962187-n	http://wnpt.brlcloud.com/wn/synset?id=08962187-n	Madagascar	noun.location	Madagascar=
03082875-a	http://wnpt.brlcloud.com/wn/synset?id=03082875-a	Malawian	adj.pert	Nation@	08962610-n	http://wnpt.brlcloud.com/wn/synset?id=08962610-n	Malawi	noun.location	Malawi=
03083417-a	http://wnpt.brlcloud.com/wn/synset?id=03083417-a	Malayan	adj.pert	Nation@	08963369-n	http://wnpt.brlcloud.com/wn/synset?id=08963369-n	Malaya	noun.location	Malaysia=
03083417-a	http://wnpt.brlcloud.com/wn/synset?id=03083417-a	Malaysian	adj.pert	Nation@	08963369-n	http://wnpt.brlcloud.com/wn/synset?id=08963369-n	Malaysia	noun.location	Malaysia=
03083678-a	http://wnpt.brlcloud.com/wn/synset?id=03083678-a	Malian	adj.pert	Nation@	08965598-n	http://wnpt.brlcloud.com/wn/synset?id=08965598-n	Mali	noun.location	Mali=
03083842-a	http://wnpt.brlcloud.com/wn/synset?id=03083842-a	Maltese	adj.pert	Nation@	08966408-n	http://wnpt.brlcloud.com/wn/synset?id=08966408-n	Malta	noun.location	Malta=
03083842-a	http://wnpt.brlcloud.com/wn/synset?id=03083842-a	Maltese	adj.pert	Nation@	08966239-n	http://wnpt.brlcloud.com/wn/synset?id=08966239-n	Malta	noun.location	Island@
02969060-a	http://wnpt.brlcloud.com/wn/synset?id=02969060-a	Manchurian	adj.pert	GeopoliticalArea@	08722844-n	http://wnpt.brlcloud.com/wn/synset?id=08722844-n	Manchuria	noun.location	LandArea@
03084196-a	http://wnpt.brlcloud.com/wn/synset?id=03084196-a	Mancunian	adj.pert	City@	08876975-n	http://wnpt.brlcloud.com/wn/synset?id=08876975-n	Manchester	noun.location	ManchesterUnitedKingdom=
03084548-a	http://wnpt.brlcloud.com/wn/synset?id=03084548-a	Manx	adj.pert	Island@	08887716-n	http://wnpt.brlcloud.com/wn/synset?id=08887716-n	Man	noun.location	Island@
03024420-a	http://wnpt.brlcloud.com/wn/synset?id=03024420-a	Maroc	adj.pert	Nation@	08969291-n	http://wnpt.brlcloud.com/wn/synset?id=08969291-n	Morocco	noun.location	Morocco=
03084759-a	http://wnpt.brlcloud.com/wn/synset?id=03084759-a	Mauritanian	adj.pert	Nation@	08967484-n	http://wnpt.brlcloud.com/wn/synset?id=08967484-n	Mauritius	noun.location	Mauritius=
03084759-a	http://wnpt.brlcloud.com/wn/synset?id=03084759-a	Mauritanian	adj.pert	Nation@	08967329-n	http://wnpt.brlcloud.com/wn/synset?id=08967329-n	Mauritius	noun.location	Island@
03084759-a	http://wnpt.brlcloud.com/wn/synset?id=03084759-a	Mauritian	adj.pert	Nation@	08967484-n	http://wnpt.brlcloud.com/wn/synset?id=08967484-n	Mauritius	noun.location	Mauritius=
03084759-a	http://wnpt.brlcloud.com/wn/synset?id=03084759-a	Mauritian	adj.pert	Nation@	08967329-n	http://wnpt.brlcloud.com/wn/synset?id=08967329-n	Mauritius	noun.location	Island@
02863959-a	http://wnpt.brlcloud.com/wn/synset?id=02863959-a	Melanesian	adj.pert	nil	08836630-n	http://wnpt.brlcloud.com/wn/synset?id=08836630-n	Melanesia	noun.location	LandArea@
03026902-a	http://wnpt.brlcloud.com/wn/synset?id=03026902-a	Mexican	adj.pert	Nation@	08740875-n	http://wnpt.brlcloud.com/wn/synset?id=08740875-n	Mexico	noun.location	Mexico=
02626379-a	http://wnpt.brlcloud.com/wn/synset?id=02626379-a	Middle_Eastern	adj.pert	nil	08791167-n	http://wnpt.brlcloud.com/wn/synset?id=08791167-n	Middle_East	noun.location	LandArea@
02970576-a	http://wnpt.brlcloud.com/wn/synset?id=02970576-a	Milanese	adj.pert	City@	08809165-n	http://wnpt.brlcloud.com/wn/synset?id=08809165-n	Milan	noun.location	MilanItaly=
02963128-a	http://wnpt.brlcloud.com/wn/synset?id=02963128-a	Moldovan	adj.pert	nil	09014586-n	http://wnpt.brlcloud.com/wn/synset?id=09014586-n	Moldova	noun.location	Moldova=
02978155-a	http://wnpt.brlcloud.com/wn/synset?id=02978155-a	Monacan	adj.pert	Nation@	08967868-n	http://wnpt.brlcloud.com/wn/synset?id=08967868-n	Monaco	noun.location	Monaco=
02978155-a	http://wnpt.brlcloud.com/wn/synset?id=02978155-a	Monegasque	adj.pert	Nation@	08967868-n	http://wnpt.brlcloud.com/wn/synset?id=08967868-n	Monaco	noun.location	Monaco=
03087088-a	http://wnpt.brlcloud.com/wn/synset?id=03087088-a	Mongol	adj.pert	LandArea@	08968677-n	http://wnpt.brlcloud.com/wn/synset?id=08968677-n	Mongolia	noun.location	LandArea@
03087424-a	http://wnpt.brlcloud.com/wn/synset?id=03087424-a	Mongolian	adj.pert	Nation@	08968879-n	http://wnpt.brlcloud.com/wn/synset?id=08968879-n	Mongolia	noun.location	Mongolia=
03087088-a	http://wnpt.brlcloud.com/wn/synset?id=03087088-a	Mongolian	adj.pert	LandArea@	08968677-n	http://wnpt.brlcloud.com/wn/synset?id=08968677-n	Mongolia	noun.location	LandArea@
03087685-a	http://wnpt.brlcloud.com/wn/synset?id=03087685-a	Mongoloid	adj.pert	EthnicGroup@	08968677-n	http://wnpt.brlcloud.com/wn/synset?id=08968677-n	Mongolia	noun.location	LandArea@
03040635-a	http://wnpt.brlcloud.com/wn/synset?id=03040635-a	Moravian	adj.pert	nil	08758679-n	http://wnpt.brlcloud.com/wn/synset?id=08758679-n	Moravia	noun.location	GeographicArea@
03024420-a	http://wnpt.brlcloud.com/wn/synset?id=03024420-a	Moroccan	adj.pert	Nation@	08969291-n	http://wnpt.brlcloud.com/wn/synset?id=08969291-n	Morocco	noun.location	Morocco=
03088558-a	http://wnpt.brlcloud.com/wn/synset?id=03088558-a	Mozambican	adj.pert	Nation@	08971025-n	http://wnpt.brlcloud.com/wn/synset?id=08971025-n	Mozambique	noun.location	Mozambique=
03016857-a	http://wnpt.brlcloud.com/wn/synset?id=03016857-a	Mycenaean	adj.pert	EthnicGroup@	08787049-n	http://wnpt.brlcloud.com/wn/synset?id=08787049-n	Mycenae	noun.location	City@
03088838-a	http://wnpt.brlcloud.com/wn/synset?id=03088838-a	Namibian	adj.pert	Nation@	08699654-n	http://wnpt.brlcloud.com/wn/synset?id=08699654-n	Namibia	noun.location	Namibia=
03088968-a	http://wnpt.brlcloud.com/wn/synset?id=03088968-a	Nauruan	adj.pert	Nation@	08841483-n	http://wnpt.brlcloud.com/wn/synset?id=08841483-n	Nauru	noun.location	Island@
02767872-a	http://wnpt.brlcloud.com/wn/synset?id=02767872-a	Nazarene	adj.pert	nil	08794193-n	http://wnpt.brlcloud.com/wn/synset?id=08794193-n	Nazareth	noun.location	City@
02970442-a	http://wnpt.brlcloud.com/wn/synset?id=02970442-a	Neapolitan	adj.pert	City@	08805565-n	http://wnpt.brlcloud.com/wn/synset?id=08805565-n	Naples	noun.location	City@
02971839-a	http://wnpt.brlcloud.com/wn/synset?id=02971839-a	Nepalese	adj.pert	Nation@	08906374-n	http://wnpt.brlcloud.com/wn/synset?id=08906374-n	Nepal	noun.location	Nepal=
02971839-a	http://wnpt.brlcloud.com/wn/synset?id=02971839-a	Nepali	adj.pert	Nation@	08906374-n	http://wnpt.brlcloud.com/wn/synset?id=08906374-n	Nepal	noun.location	Nepal=
02768740-a	http://wnpt.brlcloud.com/wn/synset?id=02768740-a	New_Caledonian	adj.pert	nil	08844108-n	http://wnpt.brlcloud.com/wn/synset?id=08844108-n	New_Caledonia	noun.location	Island@
03131480-a	http://wnpt.brlcloud.com/wn/synset?id=03131480-a	New_Zealander	adj.pert	Nation@	08971914-n	http://wnpt.brlcloud.com/wn/synset?id=08971914-n	New_Zealand	noun.location	LandArea@
03090782-a	http://wnpt.brlcloud.com/wn/synset?id=03090782-a	Nicaean	adj.pert	nil	08504151-n	http://wnpt.brlcloud.com/wn/synset?id=08504151-n	Nicaea	noun.location	City@
03090939-a	http://wnpt.brlcloud.com/wn/synset?id=03090939-a	Nicaraguan	adj.pert	Nation@	08738820-n	http://wnpt.brlcloud.com/wn/synset?id=08738820-n	Nicaragua	noun.location	Nicaragua=
03090782-a	http://wnpt.brlcloud.com/wn/synset?id=03090782-a	Nicene	adj.pert	nil	08504151-n	http://wnpt.brlcloud.com/wn/synset?id=08504151-n	Nicaea	noun.location	City@
03091307-a	http://wnpt.brlcloud.com/wn/synset?id=03091307-a	Nigerian	adj.pert	Nation@	08973776-n	http://wnpt.brlcloud.com/wn/synset?id=08973776-n	Nigeria	noun.location	Nigeria=
03092527-a	http://wnpt.brlcloud.com/wn/synset?id=03092527-a	Nordic	adj.pert	LandArea@	08760393-n	http://wnpt.brlcloud.com/wn/synset?id=08760393-n	northern_Europe	noun.location	LandArea@
03092958-a	http://wnpt.brlcloud.com/wn/synset?id=03092958-a	Norman	adj.pert	StateOrProvince@	08944561-n	http://wnpt.brlcloud.com/wn/synset?id=08944561-n	Normandy	noun.location	StateOrProvince@
02959912-a	http://wnpt.brlcloud.com/wn/synset?id=02959912-a	Norse	adj.pert	Nation@	08764107-n	http://wnpt.brlcloud.com/wn/synset?id=08764107-n	Norway	noun.location	Norway=
02996373-a	http://wnpt.brlcloud.com/wn/synset?id=02996373-a	North_African	adj.pert	nil	09178141-n	http://wnpt.brlcloud.com/wn/synset?id=09178141-n	North_Africa	noun.location	GeographicArea@
02967990-a	http://wnpt.brlcloud.com/wn/synset?id=02967990-a	North_Korean	adj.pert	Nation@	08955082-n	http://wnpt.brlcloud.com/wn/synset?id=08955082-n	North_Korea	noun.location	NorthKorea=
02769692-a	http://wnpt.brlcloud.com/wn/synset?id=02769692-a	North_Vietnamese	adj.pert	nil	09163584-n	http://wnpt.brlcloud.com/wn/synset?id=09163584-n	North_Vietnam	noun.location	Nation@
02959912-a	http://wnpt.brlcloud.com/wn/synset?id=02959912-a	Norwegian	adj.pert	Nation@	08764107-n	http://wnpt.brlcloud.com/wn/synset?id=08764107-n	Norway	noun.location	Norway=
02770229-a	http://wnpt.brlcloud.com/wn/synset?id=02770229-a	Numidian	adj.pert	nil	08707710-n	http://wnpt.brlcloud.com/wn/synset?id=08707710-n	Numidia	noun.location	GeopoliticalArea@
03093379-a	http://wnpt.brlcloud.com/wn/synset?id=03093379-a	Olympian	adj.pert	LandArea@	08790953-n	http://wnpt.brlcloud.com/wn/synset?id=08790953-n	Olympia	noun.location	LandArea@
03093379-a	http://wnpt.brlcloud.com/wn/synset?id=03093379-a	Olympic	adj.pert	LandArea@	08790953-n	http://wnpt.brlcloud.com/wn/synset?id=08790953-n	Olympia	noun.location	LandArea@
03093551-a	http://wnpt.brlcloud.com/wn/synset?id=03093551-a	Omani	adj.pert	Nation@	08975106-n	http://wnpt.brlcloud.com/wn/synset?id=08975106-n	Oman	noun.location	Oman=
02970241-a	http://wnpt.brlcloud.com/wn/synset?id=02970241-a	Ottoman	adj.pert	nil	09038597-n	http://wnpt.brlcloud.com/wn/synset?id=09038597-n	Ottoman_Empire	noun.location	GeopoliticalArea@
03095588-a	http://wnpt.brlcloud.com/wn/synset?id=03095588-a	Oxonian	adj.pert	City@	08877807-n	http://wnpt.brlcloud.com/wn/synset?id=08877807-n	Oxford	noun.location	City+
03095964-a	http://wnpt.brlcloud.com/wn/synset?id=03095964-a	Pakistani	adj.pert	Nation@	08975902-n	http://wnpt.brlcloud.com/wn/synset?id=08975902-n	Pakistan	noun.location	Pakistan=
02974615-a	http://wnpt.brlcloud.com/wn/synset?id=02974615-a	Palestinian	adj.pert	GeopoliticalArea@	08798771-n	http://wnpt.brlcloud.com/wn/synset?id=08798771-n	Palestine	noun.location	LandArea@
02966482-a	http://wnpt.brlcloud.com/wn/synset?id=02966482-a	Panamanian	adj.pert	Nation@	08739206-n	http://wnpt.brlcloud.com/wn/synset?id=08739206-n	Panama	noun.location	Panama=
03096269-a	http://wnpt.brlcloud.com/wn/synset?id=03096269-a	Papuan	adj.pert	EthnicGroup@	08844923-n	http://wnpt.brlcloud.com/wn/synset?id=08844923-n	Papua	noun.location	Island@
02967179-a	http://wnpt.brlcloud.com/wn/synset?id=02967179-a	Paraguayan	adj.pert	Nation@	08978343-n	http://wnpt.brlcloud.com/wn/synset?id=08978343-n	Paraguay	noun.location	Paraguay=
03023449-a	http://wnpt.brlcloud.com/wn/synset?id=03023449-a	Parisian	adj.pert	City@	08932568-n	http://wnpt.brlcloud.com/wn/synset?id=08932568-n	Paris	noun.location	ParisFrance=
03096931-a	http://wnpt.brlcloud.com/wn/synset?id=03096931-a	Parthian	adj.pert	Nation@	08978821-n	http://wnpt.brlcloud.com/wn/synset?id=08978821-n	Parthia	noun.location	Nation@
02879947-a	http://wnpt.brlcloud.com/wn/synset?id=02879947-a	Peloponnesian	adj.pert	GeographicArea@	08790495-n	http://wnpt.brlcloud.com/wn/synset?id=08790495-n	Peloponnesus	noun.location	LandArea@
02966154-a	http://wnpt.brlcloud.com/wn/synset?id=02966154-a	Peruvian	adj.pert	Nation@	08979054-n	http://wnpt.brlcloud.com/wn/synset?id=08979054-n	Peru	noun.location	Peru=
03066180-a	http://wnpt.brlcloud.com/wn/synset?id=03066180-a	Philippine	adj.pert	Nation@	08981244-n	http://wnpt.brlcloud.com/wn/synset?id=08981244-n	Philippines	noun.location	Philippines=
03099392-a	http://wnpt.brlcloud.com/wn/synset?id=03099392-a	Philistine	adj.pert	nil	08799706-n	http://wnpt.brlcloud.com/wn/synset?id=08799706-n	Philistia	noun.location	GeographicArea@
02776931-a	http://wnpt.brlcloud.com/wn/synset?id=02776931-a	Phoenician	adj.pert	nil	08919693-n	http://wnpt.brlcloud.com/wn/synset?id=08919693-n	Phoenicia	noun.location	Nation@
02961258-a	http://wnpt.brlcloud.com/wn/synset?id=02961258-a	Polish	adj.pert	Nation@	08982587-n	http://wnpt.brlcloud.com/wn/synset?id=08982587-n	Poland	noun.location	Poland=
02961396-a	http://wnpt.brlcloud.com/wn/synset?id=02961396-a	Polynesian	adj.pert	nil	08841667-n	http://wnpt.brlcloud.com/wn/synset?id=08841667-n	Polynesia	noun.location	LandArea@
02959007-a	http://wnpt.brlcloud.com/wn/synset?id=02959007-a	Portuguese	adj.pert	Nation@	08984788-n	http://wnpt.brlcloud.com/wn/synset?id=08984788-n	Portugal	noun.location	Portugal=
02927944-a	http://wnpt.brlcloud.com/wn/synset?id=02927944-a	pro-American	adj.pert	nil	09044862-n	http://wnpt.brlcloud.com/wn/synset?id=09044862-n	America	noun.location	UnitedStates=
02761831-a	http://wnpt.brlcloud.com/wn/synset?id=02761831-a	provencal	adj.pert	nil	08944960-n	http://wnpt.brlcloud.com/wn/synset?id=08944960-n	Provence	noun.location	StateOrProvince@
03104149-a	http://wnpt.brlcloud.com/wn/synset?id=03104149-a	Prussian	adj.pert	GeopoliticalArea@	08775784-n	http://wnpt.brlcloud.com/wn/synset?id=08775784-n	Prussia	noun.location	Nation@
03107596-a	http://wnpt.brlcloud.com/wn/synset?id=03107596-a	Qatari	adj.pert	Nation@	08986905-n	http://wnpt.brlcloud.com/wn/synset?id=08986905-n	Qatar	noun.location	Qatar=
02977320-a	http://wnpt.brlcloud.com/wn/synset?id=02977320-a	Quebecois	adj.pert	nil	08829071-n	http://wnpt.brlcloud.com/wn/synset?id=08829071-n	Quebec	noun.location	StateOrProvince@
02788779-a	http://wnpt.brlcloud.com/wn/synset?id=02788779-a	Rhodesian	adj.pert	nil	09167101-n	http://wnpt.brlcloud.com/wn/synset?id=09167101-n	Rhodesia	noun.location	Zimbabwe=
03112046-a	http://wnpt.brlcloud.com/wn/synset?id=03112046-a	romaic	adj.pert	Nation@	08780881-n	http://wnpt.brlcloud.com/wn/synset?id=08780881-n	Greece	noun.location	Greece=
02921325-a	http://wnpt.brlcloud.com/wn/synset?id=02921325-a	Roman	adj.pert	City@	08806897-n	http://wnpt.brlcloud.com/wn/synset?id=08806897-n	Rome	noun.location	City@
02962272-a	http://wnpt.brlcloud.com/wn/synset?id=02962272-a	Romanian	adj.pert	Nation@	08813978-n	http://wnpt.brlcloud.com/wn/synset?id=08813978-n	Romania	noun.location	Romania=
02962272-a	http://wnpt.brlcloud.com/wn/synset?id=02962272-a	Roumanian	adj.pert	Nation@	08813978-n	http://wnpt.brlcloud.com/wn/synset?id=08813978-n	Romania	noun.location	Romania=
03112486-a	http://wnpt.brlcloud.com/wn/synset?id=03112486-a	Ruandan	adj.pert	Nation@	08815046-n	http://wnpt.brlcloud.com/wn/synset?id=08815046-n	Rwanda	noun.location	Rwanda=
02962272-a	http://wnpt.brlcloud.com/wn/synset?id=02962272-a	Rumanian	adj.pert	Nation@	08813978-n	http://wnpt.brlcloud.com/wn/synset?id=08813978-n	Romania	noun.location	Romania=
02957276-a	http://wnpt.brlcloud.com/wn/synset?id=02957276-a	Russian	adj.pert	Russia=	09003284-n	http://wnpt.brlcloud.com/wn/synset?id=09003284-n	Russia	noun.location	Nation@
03112486-a	http://wnpt.brlcloud.com/wn/synset?id=03112486-a	Rwandan	adj.pert	Nation@	08815046-n	http://wnpt.brlcloud.com/wn/synset?id=08815046-n	Rwanda	noun.location	Rwanda=
03112615-a	http://wnpt.brlcloud.com/wn/synset?id=03112615-a	Sabahan	adj.pert	GeographicArea@	08964288-n	http://wnpt.brlcloud.com/wn/synset?id=08964288-n	Sabah	noun.location	LandArea@
02791735-a	http://wnpt.brlcloud.com/wn/synset?id=02791735-a	Saharan	adj.pert	nil	09172283-n	http://wnpt.brlcloud.com/wn/synset?id=09172283-n	Sahara	noun.location	LandArea@
02969375-a	http://wnpt.brlcloud.com/wn/synset?id=02969375-a	Salvadoran	adj.pert	Nation@	08738272-n	http://wnpt.brlcloud.com/wn/synset?id=08738272-n	El_Salvador	noun.location	ElSalvador=
02969375-a	http://wnpt.brlcloud.com/wn/synset?id=02969375-a	Salvadorean	adj.pert	Nation@	08738272-n	http://wnpt.brlcloud.com/wn/synset?id=08738272-n	El_Salvador	noun.location	ElSalvador=
03113404-a	http://wnpt.brlcloud.com/wn/synset?id=03113404-a	Samoan	adj.pert	GeographicArea@	08991491-n	http://wnpt.brlcloud.com/wn/synset?id=08991491-n	Samoa	noun.location	Samoa=
03113562-a	http://wnpt.brlcloud.com/wn/synset?id=03113562-a	San_Marinese	adj.pert	Nation@	08992181-n	http://wnpt.brlcloud.com/wn/synset?id=08992181-n	San_Marino	noun.location	SanMarino=
03113705-a	http://wnpt.brlcloud.com/wn/synset?id=03113705-a	Sarawakian	adj.pert	GeographicArea@	08964474-n	http://wnpt.brlcloud.com/wn/synset?id=08964474-n	Sarawak	noun.location	LandArea@
03025403-a	http://wnpt.brlcloud.com/wn/synset?id=03025403-a	Sardinian	adj.pert	Island@	08810786-n	http://wnpt.brlcloud.com/wn/synset?id=08810786-n	Sardinia	noun.location	LandArea@
03114139-a	http://wnpt.brlcloud.com/wn/synset?id=03114139-a	Saudi	adj.pert	Nation@	08993288-n	http://wnpt.brlcloud.com/wn/synset?id=08993288-n	Saudi_Arabia	noun.location	SaudiArabia=
03114139-a	http://wnpt.brlcloud.com/wn/synset?id=03114139-a	Saudi-Arabian	adj.pert	Nation@	08993288-n	http://wnpt.brlcloud.com/wn/synset?id=08993288-n	Saudi_Arabia	noun.location	SaudiArabia=
02960130-a	http://wnpt.brlcloud.com/wn/synset?id=02960130-a	Scandinavian	adj.pert	LandArea@	08760510-n	http://wnpt.brlcloud.com/wn/synset?id=08760510-n	Scandinavia	noun.location	LandArea@
03024647-a	http://wnpt.brlcloud.com/wn/synset?id=03024647-a	Scotch	adj.pert	GeopoliticalArea@	08890097-n	http://wnpt.brlcloud.com/wn/synset?id=08890097-n	Scotland	noun.location	Nation@
03024647-a	http://wnpt.brlcloud.com/wn/synset?id=03024647-a	Scots	adj.pert	GeopoliticalArea@	08890097-n	http://wnpt.brlcloud.com/wn/synset?id=08890097-n	Scotland	noun.location	Nation@
03024647-a	http://wnpt.brlcloud.com/wn/synset?id=03024647-a	Scottish	adj.pert	GeopoliticalArea@	08890097-n	http://wnpt.brlcloud.com/wn/synset?id=08890097-n	Scotland	noun.location	Nation@
03116043-a	http://wnpt.brlcloud.com/wn/synset?id=03116043-a	Senegalese	adj.pert	Nation@	08995862-n	http://wnpt.brlcloud.com/wn/synset?id=08995862-n	Senegal	noun.location	Senegal=
02963942-a	http://wnpt.brlcloud.com/wn/synset?id=02963942-a	Serbian	adj.pert	GeopoliticalArea@	08816969-n	http://wnpt.brlcloud.com/wn/synset?id=08816969-n	Serbia	noun.location	LandArea@
03116517-a	http://wnpt.brlcloud.com/wn/synset?id=03116517-a	Seychellois	adj.pert	LandArea@	08996483-n	http://wnpt.brlcloud.com/wn/synset?id=08996483-n	Seychelles	noun.location	Seychelles=
03116651-a	http://wnpt.brlcloud.com/wn/synset?id=03116651-a	Siamese	adj.pert	Nation@	09036452-n	http://wnpt.brlcloud.com/wn/synset?id=09036452-n	Siam	noun.location	Thailand=
03117272-a	http://wnpt.brlcloud.com/wn/synset?id=03117272-a	Siberian	adj.pert	GeographicArea@	09005712-n	http://wnpt.brlcloud.com/wn/synset?id=09005712-n	Siberia	noun.location	LandArea@
02959224-a	http://wnpt.brlcloud.com/wn/synset?id=02959224-a	Sicilian	adj.pert	LandArea@	08811215-n	http://wnpt.brlcloud.com/wn/synset?id=08811215-n	Sicily	noun.location	LandArea@
03117503-a	http://wnpt.brlcloud.com/wn/synset?id=03117503-a	Sierra_Leonean	adj.pert	nil	08996871-n	http://wnpt.brlcloud.com/wn/synset?id=08996871-n	Sierra_Leone	noun.location	SierraLeone=
03117835-a	http://wnpt.brlcloud.com/wn/synset?id=03117835-a	Singaporean	adj.pert	Nation@	08997487-n	http://wnpt.brlcloud.com/wn/synset?id=08997487-n	Singapore	noun.location	Singapore=
03117835-a	http://wnpt.brlcloud.com/wn/synset?id=03117835-a	Singaporean	adj.pert	Nation@	08997310-n	http://wnpt.brlcloud.com/wn/synset?id=08997310-n	Singapore	noun.location	Island@
03117653-a	http://wnpt.brlcloud.com/wn/synset?id=03117653-a	Singaporean	adj.pert	City@	08997801-n	http://wnpt.brlcloud.com/wn/synset?id=08997801-n	Singapore	noun.location	City@
02964482-a	http://wnpt.brlcloud.com/wn/synset?id=02964482-a	Slovakian	adj.pert	nil	08759013-n	http://wnpt.brlcloud.com/wn/synset?id=08759013-n	Slovakia	noun.location	Slovakia=
02964291-a	http://wnpt.brlcloud.com/wn/synset?id=02964291-a	Slovenian	adj.pert	GeopoliticalArea@	08818444-n	http://wnpt.brlcloud.com/wn/synset?id=08818444-n	Slovenia	noun.location	Slovenia=
03119182-a	http://wnpt.brlcloud.com/wn/synset?id=03119182-a	Somali	adj.pert	Nation@	08998560-n	http://wnpt.brlcloud.com/wn/synset?id=08998560-n	Somalia	noun.location	Somalia=
03119182-a	http://wnpt.brlcloud.com/wn/synset?id=03119182-a	Somalian	adj.pert	Nation@	08998560-n	http://wnpt.brlcloud.com/wn/synset?id=08998560-n	Somalia	noun.location	Somalia=
02928926-a	http://wnpt.brlcloud.com/wn/synset?id=02928926-a	South_African	adj.pert	nil	08999482-n	http://wnpt.brlcloud.com/wn/synset?id=08999482-n	South_Africa	noun.location	SouthAfrica=
02968166-a	http://wnpt.brlcloud.com/wn/synset?id=02968166-a	South_Korean	adj.pert	Nation@	08955626-n	http://wnpt.brlcloud.com/wn/synset?id=08955626-n	South_Korea	noun.location	SouthKorea=
02959406-a	http://wnpt.brlcloud.com/wn/synset?id=02959406-a	Soviet	adj.pert	Nation@	09003284-n	http://wnpt.brlcloud.com/wn/synset?id=09003284-n	Soviet_Union	noun.location	Nation@
02958576-a	http://wnpt.brlcloud.com/wn/synset?id=02958576-a	Spanish	adj.pert	Nation@	09023321-n	http://wnpt.brlcloud.com/wn/synset?id=09023321-n	Spain	noun.location	Spain=
02972690-a	http://wnpt.brlcloud.com/wn/synset?id=02972690-a	Spartan	adj.pert	City@	08787240-n	http://wnpt.brlcloud.com/wn/synset?id=08787240-n	Sparta	noun.location	City@
03118413-a	http://wnpt.brlcloud.com/wn/synset?id=03118413-a	Sri_Lankan	adj.pert	Nation@	08718962-n	http://wnpt.brlcloud.com/wn/synset?id=08718962-n	Ceylon	noun.location	Island@
02804777-a	http://wnpt.brlcloud.com/wn/synset?id=02804777-a	sub-Saharan	adj.pert	nil	09172283-n	http://wnpt.brlcloud.com/wn/synset?id=09172283-n	Sahara	noun.location	LandArea@
03121212-a	http://wnpt.brlcloud.com/wn/synset?id=03121212-a	Sudanese	adj.pert	Nation@	09029457-n	http://wnpt.brlcloud.com/wn/synset?id=09029457-n	Sudan	noun.location	Sudan=
03121573-a	http://wnpt.brlcloud.com/wn/synset?id=03121573-a	Sumatran	adj.pert	Island@	08908954-n	http://wnpt.brlcloud.com/wn/synset?id=08908954-n	Sumatra	noun.location	Island@
02805331-a	http://wnpt.brlcloud.com/wn/synset?id=02805331-a	Sumerian	adj.pert	GeopoliticalArea@	08918248-n	http://wnpt.brlcloud.com/wn/synset?id=08918248-n	Sumer	noun.location	LandArea@
03121723-a	http://wnpt.brlcloud.com/wn/synset?id=03121723-a	Swazi	adj.pert	Nation@	09031233-n	http://wnpt.brlcloud.com/wn/synset?id=09031233-n	Swaziland	noun.location	Swaziland=
02959720-a	http://wnpt.brlcloud.com/wn/synset?id=02959720-a	Swedish	adj.pert	Nation@	08765890-n	http://wnpt.brlcloud.com/wn/synset?id=08765890-n	Sweden	noun.location	Sweden=
02960975-a	http://wnpt.brlcloud.com/wn/synset?id=02960975-a	Swiss	adj.pert	Nation@	09031653-n	http://wnpt.brlcloud.com/wn/synset?id=09031653-n	Switzerland	noun.location	Switzerland=
03016519-a	http://wnpt.brlcloud.com/wn/synset?id=03016519-a	Syrian	adj.pert	Nation@	09033333-n	http://wnpt.brlcloud.com/wn/synset?id=09033333-n	Syria	noun.location	Syria=
03122221-a	http://wnpt.brlcloud.com/wn/synset?id=03122221-a	Tahitian	adj.pert	Island@	08989941-n	http://wnpt.brlcloud.com/wn/synset?id=08989941-n	Tahiti	noun.location	Island@
03116651-a	http://wnpt.brlcloud.com/wn/synset?id=03116651-a	Tai	adj.pert	Nation@	09036452-n	http://wnpt.brlcloud.com/wn/synset?id=09036452-n	Thailand	noun.location	Thailand=
03122400-a	http://wnpt.brlcloud.com/wn/synset?id=03122400-a	Taiwanese	adj.pert	Nation@	08730550-n	http://wnpt.brlcloud.com/wn/synset?id=08730550-n	Taiwan	noun.location	GeopoliticalArea@
02963404-a	http://wnpt.brlcloud.com/wn/synset?id=02963404-a	Tajikistani	adj.pert	nil	09020961-n	http://wnpt.brlcloud.com/wn/synset?id=09020961-n	Tajikistan	noun.location	Tajikistan=
03123013-a	http://wnpt.brlcloud.com/wn/synset?id=03123013-a	Tanzanian	adj.pert	Nation@	09034550-n	http://wnpt.brlcloud.com/wn/synset?id=09034550-n	Tanzania	noun.location	Tanzania=
02809010-a	http://wnpt.brlcloud.com/wn/synset?id=02809010-a	Tasmanian	adj.pert	Island@	08834123-n	http://wnpt.brlcloud.com/wn/synset?id=08834123-n	Tasmania	noun.location	StateOrProvince@
03124392-a	http://wnpt.brlcloud.com/wn/synset?id=03124392-a	Texan	adj.pert	StateOrProvince@	09141526-n	http://wnpt.brlcloud.com/wn/synset?id=09141526-n	Texas	noun.location	Texas=
03116651-a	http://wnpt.brlcloud.com/wn/synset?id=03116651-a	Thai	adj.pert	Nation@	09036452-n	http://wnpt.brlcloud.com/wn/synset?id=09036452-n	Thailand	noun.location	Thailand=
02813437-a	http://wnpt.brlcloud.com/wn/synset?id=02813437-a	Theban	adj.pert	nil	08789076-n	http://wnpt.brlcloud.com/wn/synset?id=08789076-n	Thebes	noun.location	City@
02813557-a	http://wnpt.brlcloud.com/wn/synset?id=02813557-a	Theban	adj.pert	nil	08899776-n	http://wnpt.brlcloud.com/wn/synset?id=08899776-n	Thebes	noun.location	City@
02972821-a	http://wnpt.brlcloud.com/wn/synset?id=02972821-a	Thracian	adj.pert	nil	08915784-n	http://wnpt.brlcloud.com/wn/synset?id=08915784-n	Thrace	noun.location	LandArea@
02965696-a	http://wnpt.brlcloud.com/wn/synset?id=02965696-a	Tibetan	adj.pert	GeopoliticalArea@	08906952-n	http://wnpt.brlcloud.com/wn/synset?id=08906952-n	Tibet	noun.location	Nation@
02815635-a	http://wnpt.brlcloud.com/wn/synset?id=02815635-a	Timorese	adj.pert	nil	08908739-n	http://wnpt.brlcloud.com/wn/synset?id=08908739-n	Timor	noun.location	Island@
03125370-a	http://wnpt.brlcloud.com/wn/synset?id=03125370-a	Tobagonian	adj.pert	Island@	08756052-n	http://wnpt.brlcloud.com/wn/synset?id=08756052-n	Tobago	noun.location	Island@
03125505-a	http://wnpt.brlcloud.com/wn/synset?id=03125505-a	Togolese	adj.pert	Nation@	08759986-n	http://wnpt.brlcloud.com/wn/synset?id=08759986-n	Togo	noun.location	Togo=
03125643-a	http://wnpt.brlcloud.com/wn/synset?id=03125643-a	Tongan	adj.pert	Nation@	09037133-n	http://wnpt.brlcloud.com/wn/synset?id=09037133-n	Tonga	noun.location	Tonga=
03126175-a	http://wnpt.brlcloud.com/wn/synset?id=03126175-a	Trinidadian	adj.pert	Island@	08755852-n	http://wnpt.brlcloud.com/wn/synset?id=08755852-n	Trinidad	noun.location	Island@
03126638-a	http://wnpt.brlcloud.com/wn/synset?id=03126638-a	Trojan	adj.pert	City@	08788887-n	http://wnpt.brlcloud.com/wn/synset?id=08788887-n	Troy	noun.location	City@
03127197-a	http://wnpt.brlcloud.com/wn/synset?id=03127197-a	Tunisian	adj.pert	City@	09037838-n	http://wnpt.brlcloud.com/wn/synset?id=09037838-n	Tunis	noun.location	City@
03127030-a	http://wnpt.brlcloud.com/wn/synset?id=03127030-a	Tunisian	adj.pert	Nation@	09037394-n	http://wnpt.brlcloud.com/wn/synset?id=09037394-n	Tunisia	noun.location	Tunisia=
03023852-a	http://wnpt.brlcloud.com/wn/synset?id=03023852-a	Turkish	adj.pert	Nation@	09039411-n	http://wnpt.brlcloud.com/wn/synset?id=09039411-n	Turkey	noun.location	Turkey=
02963535-a	http://wnpt.brlcloud.com/wn/synset?id=02963535-a	Turkmen	adj.pert	nil	09021503-n	http://wnpt.brlcloud.com/wn/synset?id=09021503-n	Turkmenistan	noun.location	Turkmenistan=
02970689-a	http://wnpt.brlcloud.com/wn/synset?id=02970689-a	Tuscan	adj.pert	LandArea@	08811982-n	http://wnpt.brlcloud.com/wn/synset?id=08811982-n	Tuscany	noun.location	LandArea@
02971007-a	http://wnpt.brlcloud.com/wn/synset?id=02971007-a	Tyrolean	adj.pert	LandArea@	08846135-n	http://wnpt.brlcloud.com/wn/synset?id=08846135-n	Tyrol	noun.location	StateOrProvince@
02971007-a	http://wnpt.brlcloud.com/wn/synset?id=02971007-a	Tyrolese	adj.pert	LandArea@	08846135-n	http://wnpt.brlcloud.com/wn/synset?id=08846135-n	Tyrol	noun.location	StateOrProvince@
03127583-a	http://wnpt.brlcloud.com/wn/synset?id=03127583-a	Ugandan	adj.pert	Nation@	09043052-n	http://wnpt.brlcloud.com/wn/synset?id=09043052-n	Uganda	noun.location	Uganda=
02963665-a	http://wnpt.brlcloud.com/wn/synset?id=02963665-a	Ukrainian	adj.pert	nil	09014979-n	http://wnpt.brlcloud.com/wn/synset?id=09014979-n	Ukraine	noun.location	Ukraine=
02967333-a	http://wnpt.brlcloud.com/wn/synset?id=02967333-a	Uruguayan	adj.pert	Nation@	09160295-n	http://wnpt.brlcloud.com/wn/synset?id=09160295-n	Uruguay	noun.location	Uruguay=
02963810-a	http://wnpt.brlcloud.com/wn/synset?id=02963810-a	Uzbekistani	adj.pert	nil	09022265-n	http://wnpt.brlcloud.com/wn/synset?id=09022265-n	Uzbekistan	noun.location	Uzbekistan=
02970820-a	http://wnpt.brlcloud.com/wn/synset?id=02970820-a	Venetian	adj.pert	City@	08813264-n	http://wnpt.brlcloud.com/wn/synset?id=08813264-n	Venice	noun.location	PortCity@
02966656-a	http://wnpt.brlcloud.com/wn/synset?id=02966656-a	Venezuelan	adj.pert	Nation@	09161803-n	http://wnpt.brlcloud.com/wn/synset?id=09161803-n	Venezuela	noun.location	Venezuela=
02971192-a	http://wnpt.brlcloud.com/wn/synset?id=02971192-a	Viennese	adj.pert	City@	08846324-n	http://wnpt.brlcloud.com/wn/synset?id=08846324-n	Vienna	noun.location	City@
03129222-a	http://wnpt.brlcloud.com/wn/synset?id=03129222-a	Vietnamese	adj.pert	EthnicGroup@	09163192-n	http://wnpt.brlcloud.com/wn/synset?id=09163192-n	Vietnam	noun.location	Vietnam=
03037093-a	http://wnpt.brlcloud.com/wn/synset?id=03037093-a	Washingtonian	adj.pert	StateOrProvince@	09152944-n	http://wnpt.brlcloud.com/wn/synset?id=09152944-n	Washington	noun.location	Washington=
03037236-a	http://wnpt.brlcloud.com/wn/synset?id=03037236-a	Washingtonian	adj.pert	City@	09070793-n	http://wnpt.brlcloud.com/wn/synset?id=09070793-n	Washington	noun.location	WashingtonDC=
03130073-a	http://wnpt.brlcloud.com/wn/synset?id=03130073-a	Welsh	adj.pert	GeopoliticalArea@	08894456-n	http://wnpt.brlcloud.com/wn/synset?id=08894456-n	Wales	noun.location	Nation@
03042249-a	http://wnpt.brlcloud.com/wn/synset?id=03042249-a	West_African	adj.pert	nil	09178310-n	http://wnpt.brlcloud.com/wn/synset?id=09178310-n	West_Africa	noun.location	GeographicArea@
03130962-a	http://wnpt.brlcloud.com/wn/synset?id=03130962-a	Yemeni	adj.pert	Nation@	09164561-n	http://wnpt.brlcloud.com/wn/synset?id=09164561-n	Yemen	noun.location	Yemen=
02962013-a	http://wnpt.brlcloud.com/wn/synset?id=02962013-a	Yugoslav	adj.pert	Nation@	08816236-n	http://wnpt.brlcloud.com/wn/synset?id=08816236-n	Yugoslavia	noun.location	SerbiaAndMontenegro=
02962013-a	http://wnpt.brlcloud.com/wn/synset?id=02962013-a	Yugoslavian	adj.pert	Nation@	08816236-n	http://wnpt.brlcloud.com/wn/synset?id=08816236-n	Yugoslavia	noun.location	SerbiaAndMontenegro=
03131116-a	http://wnpt.brlcloud.com/wn/synset?id=03131116-a	Zairean	adj.pert	Nation@	08734385-n	http://wnpt.brlcloud.com/wn/synset?id=08734385-n	Zaire	noun.location	DemocraticRepublicOfTheCongo=
03131116-a	http://wnpt.brlcloud.com/wn/synset?id=03131116-a	Zairese	adj.pert	Nation@	08734385-n	http://wnpt.brlcloud.com/wn/synset?id=08734385-n	Zaire	noun.location	DemocraticRepublicOfTheCongo=
03131331-a	http://wnpt.brlcloud.com/wn/synset?id=03131331-a	Zambian	adj.pert	Nation@	09165613-n	http://wnpt.brlcloud.com/wn/synset?id=09165613-n	Zambia	noun.location	Zambia=
03131750-a	http://wnpt.brlcloud.com/wn/synset?id=03131750-a	Zimbabwean	adj.pert	Nation@	09167101-n	http://wnpt.brlcloud.com/wn/synset?id=09167101-n	Zimbabwe	noun.location	Zimbabwe=
