abafar, Cover
abaixar, Lower
abalançar, Rise
abalar, Rock
abalroar, Bang
abanar, Shake
abandonar, Leave
abarbar, Abarbar
abarcar, Cover
abarrotar, Overflowing
abastar, Abastar
abastardar, Bastardise
abastecer, Gas
abater, Slaughter
abatocar, Abatocar
abemolar, Abemolar
abençoar, Bless
abespinhar, Abespinhar
abichar, Abichar
abiscoitar, Abiscoitar
abjurar, Abjure
abluir, Abluir
abnuir, Abnuir
abocanhar, To
abocar, Abocar
abolir, Abolish
abominar, Disrelish
abonar, Good
aborrecer, Bored
abortar, Abortion
abotoar, Button
abraçar, Hug
abrandar, Slow
abranger, Cover
abrasar, Scorch
abreviar, Short
abrigar, Shelter
abrir, Open
ab-rogar, Rescind
abrolhar, Abrolhar
absceder, Absceder
absolver, Acquitted
absorver, Absorb
abundar, Abundant
abusar, Abuse
acabar, End
academiar, Academiar
academicizar, Academicizar
açaimar, Gag
acalentar, Appeal
acalmar, Calm
acalorar, Acalorar
acamar, Chill
acamaradar, Acamaradar
acampanar, Acampanar
acanavear, Acanavear
acanhar, Shy
acarar, Put
acarear, Va salir
acariciar, Fondle
acarinhar, Cherish
acarrear, Acarrear
acarretar, Result
acasalar, Mate
acautelar, Warn
acavalar, Acavalar
aceder, Access
aceitar, Accept
acelerar, Speed
acenar, Nod
acender, Light
acentuar, Stress
acetificar, Acetificar
achanar, Achanar
achar, Find
achatar, Iightly
acidentar, Accident
acidificar, Acidify
acirrar, I
aclamar, Cheer
aclarar, Clarify
acobertar, Cover
acochar, Hump
acocorar, Hunker down
acoimar, Acoimar
acoitar, Then I
acolchetar, Acolchetar
acometer, Deal
acomodar, Accommodate
acompanhar, Track
aconchegar, Cozy
acondicionar, Package
aconselhar, Advise
acontecer, Happen
acordar, Wake up
acoroçoar, Acoroçoar
acorrentar, Chain
acorrer, Not
acostar, Berth
acoutar, Acoutar
acovardar, Yellow
acreditar, Believe
acrescentar, Add
acrisolar, Acrisolar
açucarar, Açucarar
acudir, Cpr
acumular, Accumulate
acurvar, Acurvar
acusar, Charge
adaptar, Adapt
adejar, Adejar
adelgaçar, Adelgaçar
adensar, Making
adentrar, Enter
adequar, Suit
adereçar, Also
adereçar-se, Adereçar-se
adergar, Adergar
aderir, Join
adestrar, Training
adiantar, Good
adicionar, Add
adivinhar, Guess.
adjudicar, Award
adjutorar, Adjutorar
administrar, Administrate
admitir, Admit
admoestar, Exhorter
adoçar, Candy
adocicar, Sweeten
adoecer, Sick
adoentar, Ill
adolescer, Adolescer
adorar, Love
adornar, Adorn
adotar, Adopt
adquirir, Acquire
adscrever, Adscrever
adstringir, Adstringir
adubar, You
adulterar, Cut
aduzir, Add
advertir, Warn
advir, Result
advogar, Practice
afadigar, Afadigar
afagar, Stroke
afastar, Away
afeiçoar, Attached
aferar, Aferar
aferir, Benchmark
aferrar, Korean
aferroar, Goad
aferrolhar, Lock
afetar, Affect
afiambrar, Afiambrar
afiar, Sharpening
afigurar, Where
afilar, Tapering
afinar, Tune
afirmar, Say
afixar, Pin
aflar, Knife
afligir, Grieve
aflorar, Touch
afluir, Swarm
afobar, Buffalo
afocinhar, Afocinhar
afogar, Drown
afoguear, Afoguear
afoitar, Afoitar
aformosear, Aformosear
aforrar, Savers scrimp
afracar, Afracar
afrescar, Afrescar
afretar, GGL.UL
afrontar, Face
afrouxar, Easing
afundar, Sink
afunilar, No
agachar, Duck
agaloar, Agaloar
agarrar, Grab
agasalhar, Warm
agastar, Retiring
agatanhar, Agatanhar
agigantar, Loom
agir, Act
agitar, Rock
aglomerar, That
aglutinar, China
agoniar, Agonized
agonizar, Agonizing
agradar, Please
agradecer, Thank you
agravar, Aggravate
agredir, Assault
agregar, Aggregate
agrilhoar, Shackle
agrupar, Group
aguçar, Pique
agüentar, Bear
aguilhoar, Spur
aiar, Aiar
ajaezar, Ajaezar
ajanotar, Ajanotar
ajeitar, I
ajoeirar, Ajoeirar
ajoelhar, Kneel
ajoujar, Ajoujar
ajudar, Help
ajuntar, You
ajustar, Tune
alabarar, Alabarar
alagar, Capito
alambrar, Alambrar
alancear, Alancear
alar, Talk
alargar, Enlarge
alarmar, Alarm
albergar, House
alborotar, Alborotar
alcançar, Achieve
alçar, Lift
alcovitar, And
alcunhar, Alcunhar
alegar, Claim
alegrar, Cheer
aleijar, Hurt
aleitar, A
alentar, Further
alentecer, Alentecer
alerdar, Alerdar
alertar, Alert
alevantar, Leaving Justice
alfaiar, Alfaiar
alforriar, Alforriar
algemar, Haircut
alhanar, Alhanar
aliançar, Aliançar
aliar, Ally
alicerçar, Cement
aliciar, Recruiters
aligeirar, Weakens
alijar, Shares
alimentar, Food
alimpar, Alimpar
alindar, Alindar
alinhavar, Basting
alisar, Smooth
alistar, Join
aliviar, Easing
aljofrar, Aljofrar
almejar, Target
almofadar, Almofadar
aloirar, Bleached
alojar, House
alongar, Stretch
alourar, Alourar
alquebrar, Tweeted
altear, Change
alterar, Change
altercar, Ranting
alternar, Switch
alucinar, Hallucinate
aludir, I
alugar, Rent
aluir, Crumbling
alumbrar, Alumbrar
alumiar, Illume
alvejar, Shoot
alvissarar, Alvissarar
alvitrar, Say
alvorar, Casement
alvorecer, Dawn
alvoroçar, Lie
alvorotar, Alvorotar
amachucar, Squeeze
amaciar, Smooth
amadurar, Grow up
amadurecer, Grow up
amainar, Moderate
amaldiçoar, Curse
amalgamar, Amalgamate
amamentar, Breastfeeding
amanhecer, Dawn
amansar, Smooth
amar, Love
amarelar, Chicken
amarelecer, Yellowing
amarfanhar, Youll mess up
amargar, Bitter
amargurar, Bitter
amarrar, Tie
amarrotar, Wrinkle
amassar, Wrinkle
ambicionar, Ambition
ambientar, Acclimated
ameaçar, Threaten
amealhar, Plenty
ameigar, Ameigar
amenizar, Smooth
amestrar, Training
amigar, Kende
amimar, Fondle
amistar, Amistar
amoedar, Amoedar
amolar, Bug
amoldar, Accommodated
amolecer, Soft
amolentar, Amolentar
amolestar, Annoy
amolgar, Traierfu
amontoar, Pile
amoralizar, Amoralizar
amordaçar, Gag
amornar, Do
amornecer, Amornecer
amortalhar, Shrouds
amortecer, Cushion
amparar, Support
ampliar, Enlarge
amplificar, Boost
amputar, Cut
amuar, Tiffing
anaçar, Anaçar
analisar, Analyze
anatematizar, Anatematizar
ancorar, Anchor
andar, Floor
andarilhar, Ramble
anelar, Ring
anexar, Attach
angariar, Rally
angustiar, Distressed
aniilar, Aniilar
animar, Cheer
aninhar, Nest
aniquilar, Annihilate
anoitar, Anoitar
anoitecer, Dusk
anojar, Sick
anotar, Note
ansiar, Forward
anteceder, Preface
antecipar, Advance
antegostar, Antegostar
antegozar, Antegozar
anteparar, Anteparar
antepor, Weigh
antever, See
antolhar, Antolhar
anuir, Agree
anular, Void
anunciar, Announce
apadrinhar, Sponsor
apagar, Out
apaixonar, Fall
apalavrar, Apalavrar
apalear, Apalear
apalpar, Palpating
apanha, Get
apanhar, Catch
aparafusar, Bolt
aparar, Trim
aparatar, Apparated
aparceirar, Aparceirar
aparecer, Appear
aparelhar, Elsie
aparentar, Look
apartar, Break
apascentar, Apascentar
apaziguar, Appeasing
apear, Tie
apelar, Appeal
apelidar, Nick
apendoar, Apendoar
apensar, Just
aperceber, Realize
aperfeiçoar, Improvements
apertar, Push
apestar, Apestar
apetecer, I
apiedar, Pity
apiloar, Apiloar
apimentar, Spice
apinhar, Apinhar
apisoar, Apisoar
aplacar, Placate
aplainar, Flatten
aplanar, Smooth
aplaudir, Welcome
aplicar, Apply
apodar, Fascism
apodrecer, Rot
apoiar, Support
apontar, Point
apor, Affix
aporrear, Aporrear
aportuguesar, Aportuguesar
aposentar, Retirement
apostar, Bet
apostatar, Boa
apostolar, To shelving any controls
apostolizar, Apostolizar
apoteosar, Apoteosar
apoucar, Caricature
aprazer, Please
apreciar, Enjoy
apreender, Seize
apregoar, Advertise
aprender, Learn
apresar, Rush
apresentar, Present
apresilhar, Apresilhar
apressar, Rush
aprimorar, Improve
aprisionar, Trap
aprofundar, Deepen
aprontar, Ready
apropositar, Apropositar
apropriar, Appropriate
aprovar, Approve
aproveitar, Enjoy
aprovisionar, Provision
aproximar, Close
apunhalar, Stabbing
apunhar, Stab
apupar, Boo
apurar, Find
aquartelar, Billet
aquebrantar, Aquebrantar
aquecer, Warm
aquentar, They
aquiescer, I
aquietar, Settle
aramar, Aramar
arborizar, Afforested
arcar, Bear
ardejar, Ardejar
arder, Burn
arear, All
arejar, Air
arengar, I
arfar, Breathing
argamassar, Argamassar
argentear, Argentear
argüir, Arguing
argumentar, Argue
armar, Set
armazenar, Store
arquear, Arch
arquejar, Pant
arquitetar, Architecturing
arquivar, Archive
arraigar, Arraigar
arrancar, Rip
arranhar, Scratching
arranjar, Get
arrasar, Rock
arrastar, Drag
arrazoar, Reason
arrear, Torque
arrebanhar, Round
arrebatar, Snatch
arrebentar, Kick
arrecear, Arrecear
arredar, I
arredondar, Round
arrefecer, Cool
arrefentar, Arrefentar
arremangar, Arremangar
arrematar, Auction
arremessar, Throw
arremeter, No
arrendar, Lease
arrenegar, Arrenegar
arrepanhar, Arrepanhar
arrepelar, Arrepelar
arrepiar, Creepy
arriar, I
arribar, Bear
arrimar, Stack
arriscar, Risk
arrochar, Told
arrodear, And
arrojar, For
arrolar, Holabird
arrolhar, Cork
arrombar, Break
arrostar, Confront
arrotar, Burp
arroubar, Arroubar
arroxar, Crash
arroxear, Arroxear
arruar, Arruar
arruinar, Ruin
arrular, Arrular
arrulhar, COOlNG
arrumar, Fix
articular, Link
artificializar, Artificializar
artificiar, Artificiar
arvorar, Fly
ascender, Rise
asfixiar, Choke
asilar, Yes,
asperger, Asperger
aspergir, Spray
aspirar, Vacuum
assalariar, Assalariar
assaltar, Rob
assanhar, There
assar, Baking
assassinar, Murder
assear, Clean
assediar, Harass
assegurar, Ensure
assemelhar, Look
assentar, Settle
assentir, Nod
assessorar, Advise
assetear, Assetear
asseverar, Assure
assimilar, Assimilate
assimilhar, Assimilhar
assinar, Subscribe
assistir, Watch
assoar, Snot-rag
assobiar, Whistle
associar, Associate
assolar, Reave
assoprar, Blow
assoviar, Whistle
assumir, Take
assustar, Scare
atacar, Attack
atalhar, Cut
atar, Tie
atarraxar, Screw
atassalhar, Atassalhar
ataviar, Embellish
atear, I
atender, Meet
atentar, Look
atenuar, Mitigate
atestar, Testify
atiçar, Stoke
atinar, I
atingir, Hit
atirar, Shoot
ativar, Enable
atocaiar, Waylaying
atochar, Atochar
atopetar, Atopetar
atormentar, Torment
atraiçoar, Betray
atrair, Draw
atrapalhar, Way
atravessar, Crossing
atrelar, Trailer
atribular, Atribular
atritar, You'll run into
atroar, Clattering
atroçoar, Atroçoar
atrofiar, Atrophy
atuar, Act
atufar, Atufar
atulhar, It
atumultuar, Atumultuar
aturar, I
auferir, Earn
augurar, Notice
aumentar, Increase
aureolar, Areolar
autografar, Sign
autorizar, Authorize
auxiliar, Accessorial
avaliar, Judge
avançar, Advance
avantajar, Outrun
avariar, Exactly
avelhentar, Avelhentar
aventar, ,
aventurar, Venture
avergar, Avergar
avergonhar, Ashamed
averiguar, I
avermelhar, Redd
avexar, Avexar
aviar, I
avigorar, Avigorar
aviltar, Disgrace
avinagrar, Avinagrar
avincar, Avincar
avisar, Warn
avistar, I
avivar, Heighten
aviventar, Aviventar
avoaçar, Avoaçar
avoar, ShaII
avocar, Recall
avolumar, Armour-plated
avultar, Strengthen
azedar, Sour
azeitar, Oil
azougar, Azougar
azurrar, Azurrar
babujar, Babujar
bacorejar, Bacorejar
badalar, Peal
badalejar, Badalejar
bafejar, Breathe
baixar, Lower
bajular, Flattery
balançar, Swing
balancear, Balance
balar, Occasionally
baldear, Change
balir, Bleat
balouçar, Bounce
bambear, -Scarier
bandear, Tapping
banhar, Bathe
banir, Ban
baquear, Collapse
barafustar, Dotage
barbear, Shave
barquejar, Barquejar
barrar, Block
barrufar, Barrufar
barulhar, Boomy
basculhar, Basculhar
basear, Base
batalhar, Battle
bater, Hit
batizar, Spike
batucar, Sticks
bazofiar, Bazofiar
beber, Drink
beijar, Kiss
beirar, Stocks
beliscar, Nip
bem-fadar, Bem-fadar
bem-querer, Where
bençoar, Bençoar
bendizer, Bless
beneficiar, Benefit
benzer, Bless
berrar, Squeai
bestar, Bestar
besuntar, Smearing
betar, Betar
betumar, Betumar
bicar, Peck
bigodear, Bigodear
birrar, Birrar
bisar, Bisar
bisbilhotar, Snooping
blasonar, Crow
blindar, Fireproofing
bloquear, Block
bocar, Bocar
bocejar, Yawn
boiar, Float
bolar, Come
bolçar, Bolçar
bonecar, Bonecar
bonificar, Bonificar
boquejar, Boquejar
borboletear, Telling
borbulhar, Bubble
bordar, Embroidery
borrar, Shit
borrifar, Spray
botar, I
bramar, Song
bramir, Roar
brandear, Brandear
brandir, Wield
branquear, Bleach
branquejar, Branquejar
brasonar, Brasonar
bravatear, Bravatear
brear, Brear
brigar, Fight
brilhar, Shine
brincar, Play
britar, Britar
bromar, Bromar
bronquear, Bronquear
brotar, Sprout
brunir, -
brutalizar, Brutify
bubuiar, Bubuiar
bulir, I
burilar, Hammer
burlar, Hack
buscar, Search
cabalar, Palantine
caber, Fit
caçar, Hunting
cacarejar, Cluck
cacetear, Cacetear
cachear, Curl
cachetar, Cachetar
cachimbar, Cachimbar
cachinar, Cachinar
caçoar, Fun
cadenciar, Cadenciar
caducar, Lapse
caiar, Shut up
cair, Fall
calafriar, Calafriar
calar, Shut up
calcar, Shoes
calçar, Shoes
calcetar, Setts
calcular, Calculate
caldear, Caldear
calhar, Maybe
calmar, I
caluniar, Slander
cambetear, Cambetear
cambiar, -Phones
caminhar, Walk
campar, Campar
campear, Campear
cancelar, Cancel
canelar, Fluting
canonizar, Canonising
cansar, Tired
cantar, Sing
cantarejar, Cantarejar
cantarolar, Hum
capacitar, Empower
capear, Thousands
capengar, Capengar
capinar, Weed
capitular, Yield
capotar, Crash
captar, Pick up
capturar, Capture
caramelar, Caramelar
caramelizar, 
caramunhar, Caramunhar
carbonizar, Ash
carecer, Lack
cariciar, Cariciar
carimbar, Stamp
carnear, Landry
carpir, ,
carrear, Cartin
carregar, Loading
casar, Married
cascar, Slap
casquinar, Casquinar
cassar, Kassar
castelhanizar, Castelhanizar
castigar, Punish
catar, Pick up
categorizar, Categorize
catequizar, Girl
catingar, Catingar
cativar, Charm
catucar, Catucar
causar, Cause
causticar, Causticar
cavalear, Cavalear
cavalgar, Ride
cavaquear, Mither
cavar, Dig
cavilhar, Cavilhar
cavoucar, Wood-boring
cavucar, Dig
caxingar, Caxingar
ceder, Yield
cegar, Blind
ceifar, Reap
censurar, Censor
centuplicar, Centuplicar
cercar, Surround
cercear, Curbs
cerdear, Cerdear
cerrar, Close
certificar, Sure
cerzir, Darn
cessar, Ceasefire
cesurar, Cesurar
cevar, Ev'ry
chacinar, Butcher
chacoalhar, Bake
chacotear, Chacotear
chagar, Here
chalaçar, Chalaçar
chalacear, Chalacear
chalrar, Chalrar
chamar, Call
chamejar, Flare
chamuscar, Spark
chapar, High
charquear, Charquear
chasquear, Chasquear
chatear, Upset
chegar, Get
cheirar, Smell
chiar, SCREECHlNG
chilrar, Chilrar
chilrear, Tweet
chispar, Git
chocalhar, Slush
chocar, Shock
chocarrear, Chocarrear
choferar, Chauffeuring
choramigar, Choramigar
choramingar, Whining
chorar, Cry
chover, Rain
chuchar, Kidding
chumbar, Fail
chupar, Suck
chuviscar, DrizzLe
cicatrizar, Heal
ciciar, Ciciar
ciganear, Ciganear
cimentar, Cement
cincar, Cincar
cindir, Split
cingir, I
cintilar, Winkling
circuitar, Circuitar
circular, Circular
circundar, Circle
cismar, I
citar, Quote
clamar, Claim
clarear, Clear
clarificar, Clarify
clarinar, Clarinar
classificar, Classifiy
claudicar, I
clicar, Click
coadjuvar, Support
coadunar, How
coagir, Coerce
coalhar, Dreaming.*
coar, Strain
cobiçar, Covet
cobrar, Charge
cobrear, Cobrear
cobrejar, Cobrejar
cobrir, Cover
coçar, Scratching
cochichar, Whisper
cochilar, Nap
cocoricar, Growfeathers
codificar, Code
codilhar, Codilhar
coexistir, Coexist
cofiar, He
cogitar, I
coicear, Grabs
coincidir, Match
colar, Necklace
colear, Harvest
colecionar, CoIlecting
coletar, Collect
colher, Spoon
colidir, Crash
coligar, Merging
coligir, Collect
colocar, Put
colorar, Put
colorir, Colorize
colorizar, Colorize
comandar, Run
combater, Fight
combinar, Mix
começar, Begin
comentar, Comment
comer, Eating
comerciar, Trade
cometer, Make
comichar, Itch
cominuir, Cominuir
comover, Move
compactuar, Play
comparar, Compare
comparticipar, Co-participate
compartilhar, Share
compartir, Share
compassar, Pace
compelir, Compel
compensar, Offset
competir, Compete
compilar, Build
complanar, Complanar
complementar, Supplementary
completar, Complete
compor, Write
comportar, Behave
comprar, Buy
comprazer, Please
compreender, Understand
comprimir, Squeeze
comprometer, COMPROMETER
compromissar, I
comprovar, Prove
compulsar, Compulsar
compungir, Dwell
comungar, Share
comunicar, Communicate
comutar, Switch
concatenar, Concatenates
conceber, Conceive
conceituar, Re-conceptualize
concentrar, Focus
concernir, Concernir
concertar, Fix
conchegar, Conchegar
conciliar, Reconcile
concitar, Draw
conclamar, Rally
concluir, Complete
concordar, Agree
concorrer, Run
concretizar, Reality
conculcar, Conculcar
concutir, Concutir
condenar, Condemn
condensar, Condense
condescender, Condescend
condimentar, With
condizer, Match
condoer, Condole
conduzir, Lead
conectar, Connect
confabular, Parley
confederar, Federating
conferenciar, Confer
conferir, Check
confessar, Confess
confiar, Trust
confidenciar, I
confinar, Confine
confirmar, Confirm
conflagrar, Conflagrar
conflitar, Conflict
confluir, Together
confortar, Comfort
confranger, Confranger
confrontar, Confront
confundir, Confuse
congelar, Freeze
conglomerar, Conglomerar
congratular, Welcome
congregar, Together
conhecer, Meet
conjecturar, Conjecture
conjeturar, Postulate
conjurar, Conjure up
conquistar, Win
consagrar, Devote
conscientizar, Awareness
conseguir, Get
consentir, Consent
consertar, Fix
conservar, Conserve
considerar, Consider
consignar, Include
consistir, Consist
consolar, Comfort
consolidar, Cement
consorciar, Consorting
conspirar, Conspiracy
conspurcar, Sully
constituir, Be
constranger, Shame
construir, Building
consultar, Look
consumar, Consummate
consumir, Consume
contagiar, Sorowitsch
contaminar, Contaminated
contar, Tell
contemporizar, Pierre
contender, You
contentar, Settle
conter, Hold
contestar, Contest
continuar, Continue
contrabalançar, Offset
contradizer, Contradict
contrafazer, Counterfeit
contrair, Contract
contrapesar, Contrapesar
contrapor, The
contrariar, Counteract
contratar, HIRE
contribuir, Contribute
contristar, Contristar
contundir, Lnjure
conturbar, Undermine
convencer, Convince
convencionar, Agree
convergir, Converge
conversar, Talk
converter, Convert
convidar, Invite
convir, Agree
conviver, Live
convocar, Call
convulsar, Convulsar
convulsionar, Convulse
coordenar, Coordinate
copiar, Copy
copilar, Copilar
copular, Coitus
corar, Blush
corcovear, Buck
coriscar, Coriscar
coroar, Crown
correr, Run
corromper, Corrupt
corrugar, Corrugar
corrupiar, Corrupiar
cortar, Cut
coruscar, Coruscar
coscuvilhar, Gossipingby
coser, Sew
costurar, Sew
cotar, Rupee
cotejar, Government
coucear, Coucear
coxear, Limp
cozer, Baking
cozinhar, Cook
cravar, Stake
cravejar, Shoot
crepitar, Crunchy
crer, Believe
crescer, Grow up
crestar, Crestar
criar, Create
criticar, Criticise
crivar, Cam
crocitar, Crocitar
cruciar, Cruciar
crucificar, Crucify
crucifixar, Crucifixar
cruzar, Crossing
cucuritar, Cucuritar
cuidar, Care
cuinhar, Cuinhar
cultivar, Grow
cultuar, Cinderella
cumprimentar, Hello
cumprir, Meet
cumular, De-cumulating
cunhar, Mint
curar, Cure
curtir, Enjoy
curvar, Bow
curvetear, Curvetear
cuspilhar, Cuspilhar
cuspinhar, Cuspinhar
cuspir, Spit
custar, Cost
custodiar, ...
cutucar, Poke
dactilografar, I
danar, Fuck
dançar, Dance
danificar, Damage
daninhar, Daninhar
dar, Giving
dardejar, Dardejar
datilografar, I
deambular, Stick
debandar, Dismissed
debater, Discuss
debelar, Defeat
debicar, Scratching
debilitar, Weaken
debochar, Fun
debulhar, Thresh
debutar, Debut
debuxar, Debuxar
decair, Decline
decalcar, Impose
decentralizar, Decentralizar
decepar, Cut
decepcionar, Disappointed
decidir, Decide
decifrar, Break
decimar, Decimar
declamar, Do
declarar, Declare
declinar, Decline
decodificar, Decoding
decompor, Break
decorar, Learn
decotar, Neck
decrescer, Fall
decretar, Decree
decriptar, Alpha
dedicar, Devote
deduzir, Assume
defender, Defend
definhar, Wither
defluir, Defluir
defraudar, Disappoint
defrontar, Deal
defumar, Hotbox
degelar, Thaw
degenerar, Degenerate
deglutir, Slurping
degolar, Perseguire
degradar, Degrade
degranar, Degranar
deitar, Lie
deixar, Leave
dejejuar, Dejejuar
deleitar, Revel
delibar, Delibar
deliciar, Enjoy
delir, Delir
delongar, Go
delucidar, Delucidar
demandar, Demand
demarcar, Mark
demitir, Fire
demolir, Demolish
demonstrar, Demonstrate
demorar, Take
demover, Talk
denegar, Deny
denegrir, Denigrate
denominar, Name
deparar, Experience
departir, Departir
depauperar, Depletion
depenar, Pluck
dependurar, Rangers
deplorar, Regret
depor, Testify
depositar, Deposit
deprecar, Deprecar
depreciar, Cheapen
depredar, Protesters
depreender, See
deprimir, Depressed
depurar, Debug
derivar, Derive
derrabar, Pour
derramar, Spill
derrancar, Derrancar
derrear, Derrear
derreter, Melt
derribar, Derribar
derriçar, Derriçar
derriscar, Derriscar
derrogar, Depart
derrubar, Down
derruir, Derruir
desabalar, Desabalar
desabar, Collapse
desabastecer, This
desabituar, I
desabotoar, Unbutton
desabrigar, Displacing
desabrochar, Blossom
desabusar, Desabusar
desacasalar, Desacasalar
desacelerar, Slow
desaconselhar, Discourage
desacorçoar, Desacorçoar
desacordar, Senseless
desacoroçoar, Desacoroçoar
desacorrentar, Master
desacostumar, Habits
desacreditar, Discredit
desadorar, Desadorar
desaferrolhar, Desaferrolhar
desafiar, Challenge
desafixar, Unpin
desafligir, Desafligir
desafoguear, Desafoguear
desafrontar, Desafrontar
desagasalhar, Desagasalhar
desagradar, Dislike
desagradecer, Desagradecer
desagravar, It
desagregar, Disaggregate
desajudar, Unhelpful
desalagar, Desalagar
desalentar, Discourage
desamar, Unlove
desamarrotar, Desamarrotar
desamassar, Undry
desambientar, Desambientar
desamparar, Save
desancar, Kick
desandar, Split
desanexar, Unattach
desangustiar, Desangustiar
desanimar, Dishearten
desanuviar, Clear
desaparafusar, Unscrewing
desaparecer, Disappear
desaparelhar, Desaparelhar
desapartar, Desapartar
desapear, Desapear
desapertar, Unstrap
desapoiar, Desapoiar
desapontar, Disappoint
desapoquentar, Desapoquentar
desapossar, Eminent
desapropriar, Evict
desaprovar, Unapprove
desaproveitar, Europe
desaquecer, Cool
desarborizar, Desarborizar
desarmar, Disarm
desarmonizar, Desarmonizar
desarquivar, Unfile
desarraigar, Uproot
desarrimar, Desarrimar
desasnar, Desasnar
desassossegar, Desassossegar
desatar, Unlace
desatarraxar, Twist
desataviar, Desataviar
desavir, Desavir
desbastar, Rough
desbloquear, Unlock
desbotar, Fade
desbotoar, Windsor
desbulhar, Desbulhar
descadeirar, Descadeirar
descafeinar, Mate.
descair, Sliding
descalçar, All
descamar, Desquamate
descambar, Slide
descaminhar, Descaminhar
descansar, Rest
descantar, Descantar
descarnar, Skeletonising
descarregar, Download
descasar, -Parade
descascar, PeeI
descativar, Descativar
descentralizar, Unpivot
descentrar, Descentrar
descer, Down
descerrar, Unclenches
descingir, Descingir
desclassificar, Uncatalog
descobrir, Find
descodificar, Decoding
descolar, Off
descombinar, Uncombine
desconcentrar, Deconcentrate
desconcertar, Outface
desconciliar, Desconciliar
desconfiar, Suspicious
desconfortar, Desconfortar
descongelar, Defrost
desconhecer, Not
desconjuntar, I
desconsertar, Unfix
desconsolar, Desconsolar
descontaminar, Morning
descontentar, Disappointing
desconvencer, Talk
desconversar, Pitt
desconverter, Desconverter
desconvir, Desconvir
descorar, Economy
descornar, Descornar
descoroçoar, Deter
descortinar, See
descreditar, Discredit
descrer, Faith
descrever, Describe
desculpar, Apologize
desdenhar, Disregard
desdizer, Untell
desdobrar, Fan
desdoirar, Desdoirar
desdourar, Desdourar
desejar, Want
desembaraçar, Unhinge
desembestar, Prattles
desembolsar, Cough
desemborcar, Desemborcar
desembrulhar, Unwrap
desemburrar, Desemburrar
desemparelhar, Unpair
desempedernir, Desempedernir
desempenhar, Play
desemperrar, Unwedge
desempoar, Desempoar
desempobrecer, Desempobrecer
desempoeirar, Oía
desempossar, Desempossar
desempregar, Unemployed
desencadear, Spark
desencalacrar, Desencalacrar
desencaminhar, Derail
desencantar, Find
desencarapinhar, Desencarapinhar
desencarcerar, Desencarcerar
desencardir, Washing
desencarnar, Disincarnate
desencaroçar, Maybe
desencarregar, Desencarregar
desencharcar, Desencharcar
desencobrir, Desencobrir
desencorajar, Discourage
desencorpar, Desencorpar
desencrespar, Desencrespar
desencruar, Desencruar
desencurralar, Desencurralar
desendeusar, Desendeusar
desenfadar, Desenfadar
desenfastiar, Desenfastiar
desenfeitar, Desenfeitar
desenfrear, Desenfrear
desengaçar, Desengaçar
desengajar, Over
desenganar, Disabuse
desengastar, Desengastar
desengatilhar, Separatism
desengolir, Desengolir
desengomar, Desengomar
desengonçar, Unhinge
desengordurar, Degrease
desengrandecer, Desengrandecer
desengrenar, As
desengrossar, Desengrossar
desenhar, Draw
desenjoar, Desenjoar
desenlamear, Desenlamear
desenlear, Desenlear
desenobrecer, Desenobrecer
desenraivecer, Desenraivecer
desenredar, Kettle
desenriçar, Desenriçar
desenrijar, Desenrijar
desenrolar, Developments
desenrubescer, Desenrubescer
desenrugar, Unruffle
desensoberbecer, Desensoberbecer
desensopar, Desensopar
desentediar, Desentediar
desentesar, Desentesar
desentranhar, Gut
desentristecer, Desentristecer
desentrosar, Desentrosar
desenvencilhar, Our
desenvolver, Develop
desequilibrar, Balance
desertar, Desert
desesperançar, Despaired
desesperar, Despair
desestabilizar, Destabilize
desestimular, Discourage
desfalcar, Chip
desfalecer, Pass
desfarelar, Crumble
desfavorecer, Expense
desfazer, Undo
desfechar, Mount
desferir, Strike
desfiar, Unweave
desfibrar, De-fib
desfilar, Parade
desflorescer, Desflorescer
desflorestar, Desflorestar
desfolhar, -
desfraldar, Furl
desfrechar, Desfrechar
desfrutar, Enjoy
desgalhar, Desgalhar
desgelar, Desgelar
desgostar, Dislike
desgrampear, Unstapleall
desgrenhar, Desgrenhar
desgrudar, Ioose
desguarnecer, Demolish
desidratar, Desiccate
designar, Assign
desiludir, Down
desimantar, Desimantar
desimobilizar, Desimobilizar
desinchar, Thanks
desincorporar, Out
desincumbir, Doing
desinflamar, Swelling
desinibir, Uninhibit
desinquietar, Awaken
desinteressar, Liberal
desirmanar, Desirmanar
desjejuar, Breakfast
desjuntar, Desjuntar
deslacrar, Unseal
deslegitimar, Delegitimize
desligar, Off
deslindar, Stuck
deslisar, Slide
deslizar, Slide
deslocar, Shift
deslodar, Deslodar
deslombar, Deslombar
deslumbrar, Dazzle
deslustrar, Deslustrar
desmagnetizar, Degauss
desmaiar, Pass
desmanchar, Break
desmantelar, Dismantling
desmatar, Cut
desmembrar, Deenvelope
desmerecer, Discredit
desmiolar, Desmiolar
desmiuçar, Desmiuçar
desmobiliar, Desmobiliar
desmoitar, Desmoitar
desmontar, Demount
desmoralizar, Blackguarding
desmoronar, Collapse
desmotivar, That
desmuniciar, Desmuniciar
desnaturar, Denaturating
desnobrecer, Desnobrecer
desnuar, Desnuar
desnudar, Bare
desobrigar, Relieve
desonerar, Easing
desonestar, Desonestar
desonrar, Disgrace
desornar, Desornar
despachar, Check
desparafusar, Unscrew
desparecer, Says
despeçar, Scatter
despedaçar, Rip
despedir, Goodbye
despegar, Com
despejar, Dump
despenar, Despenar
despencar, Fall
despender, Spending
despendurar, ,
despenicar, Despenicar
desperdiçar, Waste
despersuadir, Despersuadir
despertar, Wake up
despetalar, Despetalar
despiolhar, Delousing
despir, Undress
despistar, Lose
despojar, Rob
despolir, Despolir
despoluir, It
despontar, Dawn
desposar, Wed
desprazer, Displeasure
despregar, Absorbent
desprender, Unpin
despreocupar, Profitable
desprestigiar, Discredit
desprezar, Despise
desproteger, Unprotect
desprover, Deprovision
desquerer, Desquerer
desquiciar, Desquiciar
desquitar, Desquitar
desraigar, Desraigar
desramar, Desramar
desrugar, Desrugar
dessalinizar, Desalinate
dessangrar, Dessangrar
dessecar, Dewater
dessumir, Dessumir
destacar, Highlight
destampar, Open
destapar, Uncover
destemperar, Destemperar
desterroar, Desterroar
destilar, DISTIL
destinar, Target
destituir, Dismiss
destorroar, Destorroar
destrancar, Unlock
destratar, Attacked
destravar, Unlock
destrinçar, Distinguish
destrinchar, Carvin
destripar, ...
destroçar, Rip
destruir, Destroy
desumedecer, Desumedecer
desumidificar, Dehumidifying
desunir, Disjoin
desvairar, Raving
desvalidar, Desvalidar
desvelar, Executives
desvencilhar, Picks
desventrar, Desventrar
desvestir, .
desviar, Divert
desvicerar, Desvicerar
desvigorar, Desvigorar
desvincilhar, Cord
desvirtuar, Undermine
desviver, Desviver
detectar, Detect
deter, Stop
deteriorar, Deteriorate
determinar, Determine
detestar, Hate
detonar, Detonate
detrair, Cheated
detratar, Detratar
deturpar, Inevitably
devassar, Restraint
devastar, Devastate
dever, Duty
devolver, Return
devorar, Devour
devotar, Devote
dialogar, Dialogue
difamar, Slander
diferençar, Distinguish
diferenciar, Differentiate
diferir, Differ
difundir, Broadcast
digerir, Digest
digladiar, Clash
dilacerar, Rip
dilatar, Enlarge
dilucidar, Into
diluir, Dilute
dimanar, Brussels
diminuir, Decrease
dirigir, Drive
dirimir, Settlement
discernir, TeII
disciplinar, Discipline
discordar, Disagree
discorrer, Offer
discriminar, Discrimination
discutir, Discuss
disparar, Fire
disparatar, Rave
dispartir, Dispartir
dispensar, I
dispersar, Disperse
dispor, Service
disputar, I
dissecar, Dissect
dissimular, Conceal
dissipar, Lift
dissociar, Separate
dissolver, Dissolve
dissuadir, Talk
distar, Mm.
distinguir, Distinguish
distrair, Distract
distratar, Distratar
distribuir, Distribute
ditar, Dit
divagar, Rambling
divergir, Depart
divertir, Have fun
dividir, Share
divinizar, To
divisar, I
divorciar, Divorce
dizer, Say
dizimar, Decimate
doar, Donate
dobrar, Double
documentar, Document
doidejar, Doidejar
doirar, Doirar
dominar, Dominate
dormir, Sleep
dormitar, Sleep
dotar, Provide
dourar, Brown
doutrinar, Indoctrinate
drapear, Drapear
drapejar, Drape
drenar, Cavernosa
duplicar, Duplicate
durar, Last
duvidar, Doubt
ecoar, Echo
economizar, Save
edificar, Build
editar, Edit
editorar, Edit
educar, Education
edulcorar, Glorify
eduzir, Educe
eivar, Eivar
elaborar, Draw
eleger, Elect
eletrizar, Electrify
elevar, Raise
eliminar, Drop
elogiar, Praise
elucidar, Clarify
emaçar, Emaçar
emaciar, Emaciar
emagrecer, Diet
emalar, I mean
emancipar, Emancipated
emaranhar, Weave
embaçar, Steam
embaciar, Blurring
embainhar, Sheathe
embair, Embair
embalar, Pack
embaraçar, Embarrasing
embarcar, Board
embargar, Germany
embarrigar, Up
embasbacar, Gawk
embatucar, Embatucar
embeber, Soak
embeberar, Embeberar
embeiçar, Embeiçar
embelecer, Embelecer
embelezar, Embellish
embevecer, Embevecer
embicar, Nose
embirrar, Rose
embocar, Ambushed
embolotar, Embolotar
embolsar, Pocket
embonecar, Doll
emborcar, Downing
embornalar, Embornalar
emborrascar, Emborrascar
embotar, Heighten
embrancar, Embrancar
embrandecer, Embrandecer
embravecer, Embravecer
embriagar, Drunk
embromar, BS
embrulhar, Wrap
embruscar, Embruscar
embuçalar, Embuçalar
emburrar, Frown
emburricar, Emburricar
embutir, Lock
emelar, Emelar
emendar, Splice
emergir, Emerge
emocionar, Emotional
emoldurar, Frame
empacar, Figures
empacotar, Package
empalecer, Empalecer
empalhar, Cream
empalidecer, Blench
empalmar, 
empanar, Disturbing
empanturrar, Bloatation
empanzinar, Stuff
empapar, Damped
emparceirar, Partners
emparelhar, Pair
empatar, Stalling
empeçar, Empeçar
empeçonhar, Empeçonhar
empedernecer, Empedernecer
empedernir, Empedernir
empedrar, High
empenhar, Pawn
empenhorar, Pawn
emperrar, Jam
empestar, Stink
empestear, Stink
empetecar, What
empilhar, Stack
empinar, Fly
emplastar, Emplastar
emplastrar, Emplastrar
emplumar, Fledge
empoar, Powdering
empoeirar, Dust
empolar, Heighten
empoleirar, Dick
empolgar, Excited
emporcalhar, Crap
emporcar, Littering
empossar, Sympathy
empregar, Employ
emprenhar, Up
empretecer, Black
empunhar, Wield
empurpurar, Empurpurar
empurrar, Push
empuxar, Empuxar
emudecer, /Time
emular, Emulate
emulsificar, Emulsify
emulsionar, Emulsifiability
emurchecer, Emurchecer
enaltar, Enaltar
enaltecer, Praise
enamorar, Fall
enarrar, Enarrar
encabeçar, Head
encabular, Toes
encadear, Chain
encaixar, Fit
encaixilhar, Encaixilhar
encaixotar, I
encalmar, Encalmar
encaminhar, Forward
encanecer, Encanecer
encantar, Glamoring
encapar, ,
encapelar-se, Encapelar-se
encaracolar, Curl
encarapitar, Encarapitar
encarar, Face
encarcerar, Lock
encardir, Encardir
encarecer, Overrated
encarnar, Incarnate
encarniçar, Wage
encaroçar, Encaroçar
encarquilhar, Wrinkle
encarrapitar, Encarrapitar
encarvoar, Encarvoar
encasar, Encasar
encasquetar, Encasquetar
encastoar, Encastoar
encastrar, Respect
encavalar, Agreement
encavar, Encavar
encenar, Play
encerrar, End
encetar, Open
encharcar, Soak
encher, INFLATOR
encimar, Encimar
encolerizar, Rest
encolher, Shrinking
encomendar, Order
encomiar, Encomiar
encompridar, Lengthen
encontrar, Find
encorajar, Encourage
encostar, Pull
encouraçar, Encouraçar
encourar, Encourar
encovar, Encovar
encravar, Jam
encrencar, Trouble
encrespar, Ifit
encruar, Encruar
encumear, Encumear
encurtar, Cut
endereçar, Address
endinheirar, Endinheirar
endurecer, To
enegrecer, Niggerate
enervar, Nervous
enfadar, Tiredness
enfadonhar, Enfadonhar
enfaixar, Bandage
enfarar, Enfarar
enfardar, Bale
enfarinhar, Antique
enfarruscar, Enfarruscar
enfastiar, Children
enfatizar, Emphasize
enfeitar, Garnish
enfeitiçar, Spell
enfermar, Sitting
enfezar, Up
enfiar, Stick
enfincar, Filed
enflorar, Enflorar
enflorescer, Enflorescer
enforcar, Hang
enfraquecer, Weaken
enfrascar, Enfrascar
enfrear, Enfrear
enfrenar, I
enfrentar, Face
enfronhar, Digging
enfumaçar, Smoke
enfurecer, Anger
enfuriar, Enfuriar
engabelar, Charm
engaiolar, Busted
engajar, Engage
engalanar, Decking
engambelar, My
enganar, Fool
engarrafar, Bottle
engastar, Dictate
engatar, Gear
engatinhar, CrawI
engelhar, Shrivel
engendrar, Engineer
engenhar, Alright
engessar, Plaster
engodar, Engodar
engodilhar, Engodilhar
engolir, Swallow
engomar, Ironing
engonçar, Engonçar
engordar, Fat
engordurar, Competitions
engraçar, Fresh
engrandecer, Heighten
engravidar, Pregnant
engraxar, Shine
engrenar, Gear
engrinaldar, Engrinaldar
engrolar, Engrolar
engrossar, Thick
engulhar, Engulhar
enjaular, Cage
enjeitar, Difficult
enjoar, Sick
enlaçar, Ropin
enlambuzar, Enlambuzar
enlamear, Help
enlear, Enlear
enlevar, Oneself
enloirar, Enloirar
enloirecer, Enloirecer
enlourecer, Enlourecer
enlutar, Mourning
enobrecer, Dignifying
enodoar, Enodoar
enoitar, Enoitar
enoitecer, Enoitecer
enojar, Sick
enovelar, Hank
enquadrar, Square
enraivar, I
enraivecer, Rage
enraizar, Root
enrascar, I
enredar, Entangling
enregelar, Freeze
enricar, Rich
enrijar, Toughen
enrijecer, Tightening
enriquecer, Rich
enrodilhar, Enrodilhar
enrolar, Stall
enroscar, Twisted
enrugar, Wrinkle
ensacar, Bag
ensangüentar, Bleed
ensebar, Grease
ensejar, Ensejar
ensinar, Teach
ensoar, Ensoar
ensopar, Meit
entabular, Dialogue
entalhar, Carving
entender, Understand
enternecer, Tender
enterrar, Bury
entesar, Up
entesoirar, Entesoirar
entesourar, Hoarding
entestar, Entestar
entibiar, Entibiar
entoar, Chant
entojar, Entojar
entontecer, Entontecer
entornar, Spill
entortar, Bend
entrajar, Entrajar
entrançar, Plaiting
entranhar, No wonder
entrar, In
entreabrir, Foot
entrefechar, Entrefechar
entregar, Deliver
entremear, Intercut
entremeter, Butting
entressachar, Entressachar
entretecer, Entretecer
entreter, Entertain
entrevar-se, Entrevar-se
entrever, Glimpse
entristecer, Sad
entrouxar, Entrouxar
entuchar, Entuchar
entulhar, Cluttering
entupir, Clogged
entusiamar, Entusiamar
entusiasmar, Excited
enuclear, Enucleate
enumerar, I
enunciar, I
envasilhar, Envasilhar
envelhecer, Grow
envenenar, Poison
enveredar, Down
envergar, Rip
envergonhar, Shame
envermelhar, Envermelhar
envesgar, Envesgar
enviar, SUBMIT
envidar, Make
enviesar, Enviesar
envilecer, Yourwrongs
envinagrar, Envinagrar
enviscar, Enviscar
enviuvar, Shortly after
envolver, Involve
enxergar, See
enxotar, Bounce
enxovalhar, Will
enxugar, Dry
epigrafar, Epigrafar
epilogar, Ground
equilibrar, Balance
equipar, Equip
erguer, Lift
eriçar, Raising
erigir, Erect
erradicar, Eradicate
errar, Wrong
erriçar, Erriçar
eructar, Eructar
esbandalhar, Esbandalhar
esbarrar, Stumble
esbofar, Esbofar
esborcinar, Esborcinar
esbordoar, Esbordoar
esborrachar, Crash
esborrifar, Squirting
esbracejar, Air
esbulhar, Thawed
esburgar, Esburgar
escabujar, Escabujar
escachar, Itch
escalar, Scalar
escalavrar, Escalavrar
escaldar, ...
escalpelizar, Examined
escamar, Mag
escanchar, Escanchar
escandalizar, Scandal
escandecer, Escandecer
escangalhar, Escangalhar
escanhoar, Escanhoar
escapar, Escape
escapulir, Slip
escaqueirar, Escaqueirar
escarafunchar, Dig
escaramuçar, Escaramuçar
escarnecer, Scoff
escarrapachar, Escarrapachar
escarvar, Paw
escavacar, Trash
escavar, Dig
esclarecer, Clarify
escoicear, Lashing out at
escoicinhar, Escoicinhar
escoimar, Escoimar
escolher, Choose
escoltar, Escort
escoriar, Excoriate
escorraçar, I
escorrer, Run
escoucear, Escoucear
escravizar, Enslave
escrever, Writing
escrevinhar, Scratching
escrutar, Fathom
esculhambar, StiIl
esculpir, Sculpting
escumar, Escumar
escurecer, Dark
escusar, Not
escutar, Listen
esfaquear, Stabbing
esfarelar, You
esfarinhar, Esfarinhar
esfarrapar, Esfarrapar
esfazer, Ndo
esfiar, Esfiar
esfolar, Skin
esforçar, Try
esfregar, Rub
esfriar, Cool
esfumaçar, Vamoosing
esfumar, Blur
esganar, Rip
esgarçar, It
esgoelar, Cresñendo
esgotar, Exhaust
esgrimir, CLAUDlUS
esguichar, Spray
esmagar, Squash
esmechar, Esmechar
esmerar, Yeah,
esmerilar, Everything
esmerilhar, Esmerilhar
esmigalhar, No
esmiuçar, Swat
esmiudar, Esmiudar
esmorecer, Weaken
esmurrar, Punch
espadelar, Espadelar
espairecer, I
espalhar, Spread
espanar, Dust
espancar, Beat
espanejar, Espanejar
espanholizar, Espanholizar
espantar, Scare
espargir, Espargir
esparramar, By pailfuls
esparzir, Esparzir
espatifar, Crash
espedaçar, You
esperançar, I
esperar, Wait
esperdiçar, Esperdiçar
espernear, Kick
espernegar, Espernegar
espertar, Levering
espessar, Espessar
espevitar, Bench
espezinhar, Trampling
espiar, Spying
espicaçar, Carp
espichar, Stretchin
espigar, Frizz
espinhar, Espinhar
espinotear, Espinotear
espiolhar, Snoopin '
espionar, Spying
espipar, Espipar
espirar, Breathe
espirrar, Sneeze
esplender, Esplender
espocar, Gunhand
espoliar, Plunder
esponjar, Sponge
espontar, Espontar
esposar, I
espostejar, Espostejar
espreitar, Look
espremer, Squeeze
espumar, Froth
esquadrilhar, Esquadrilhar
esquadrinhar, Sweep
esquentar, Warm
esquivar, Dodge
estabelecer, Establish
estabilizar, Stable
estacar, And
estacionar, Park
estafar, Exhaust
estalar, Snap
estalejar, Estalejar
estanciar, Estanciar
estar, Be
estardalhaçar, Estardalhaçar
estarrecer, Mind-boggling
estear, Are
estender, Extend
estiar, Slowed
esticar, I
estigmatizar, Brand
estilar, ,
estilhaçar, Bully
estilhar, Estilhar
estimar, Estimate
estimular, Boost
estiolar, Stifling
estipendiar, Estipendiar
estipular, Condition
estivar, Is
estocar, Stock
estofar, Re-upholster
estoirar, Blow
estomagar, Estomagar
estorvar, Way
estourar, Blow
estraçalhar, Rip
estraçoar, Estraçoar
estragar, Screw
estralar, Uninge
estralejar, Estralejar
estrangular, Strangle
estranhar, Strange
estrear, Open
estrebuchar, Twitching.
estreitar, Narrow
estremar, Estremar
estremecer, Cringe
estrepitar, Estrepitar
estriar, Cold
estrinçar, Estrinçar
estringir, Estringir
estripar, Rip
estrompar, Reckon
estrondar, Rumble
estrondear, Rumble
estropiar, Maim
estrugir, Estrugir
estudar, Study
estugar, Exhortations
esturrar, Esturrar
esvaecer, Evanesce
esvaziar, Empty
esvoaçar, Umflându
esvoejar, Esvoejar
etiquetar, Label
evadir, Exfil
evaporar, Evaporate
evidenciar, Evidence
eviscerar, Uneviscerated
evitar, Avoid
evocar, Evoke
evolucionar, Evolucionar
evoluir, Develop
evolver, Look
exacerbar, Exacerbate
exalar, Exhale
exalçar, Exalçar
exaltar, Excited
examinar, Look
exasperar, Fester
exaurir, Exhaust
exceder, Exceed
excetuar, Except
excitar, Excited
excluir, Delete
excogitar, [ Whispering
excruciar, Excruciar
exculpar, Exculpar
execrar, Disgrace
executar, Run
exercer, Exercise
exibir, Display
exigir, Demand
eximir, Exempt
existir, Exist
exonerar, Exempt
exorar, Exorar
exornar, Exornar
exortar, Urge
expandir, Expand
expedir, Issue
expelir, Out
expender, I
expiar, May
expirar, Expires
explanar, Explain
explicar, Explain
explodir, Explode
explorar, Explore
expor, Expose
expressar, Express
exprimir, I
exprobar, Chide
expulsar, Kick
expungir, Expungir
expurgar, Purge
exsudar, Escapes
extasiar, Proud.
extenuar, Tire
exteriorizar, Externalize
exterminar, Exterminate
externar, WEAVER :
extinguir, Estinguir
extirpar, Cut
extorquir, Extort
extrair, Extract
extrapassar, Extrapassar
extrapolar, Extrapolate
extraviar, Misplaced
extremar, Widens
exulcerar, Exulcerar
exultar, Rejoice
fabricar, Manufacturing
fabular, Fabular
facetar, Facetar
fadigar, Fadigar
fagulhar, Fagulhar
faiscar, Crashin
faixar, Belts
falar, Talk
falecer, Passed
falhar, Fail
falsear, Distortion
faltar, Missing
fanar, Rip
fandangar, Fandangar
fandanguear, Fandanguear
fantasiar, Dress
faquear, Faquear
farejar, Sniff
fariscar, Fariscar
farrapar, Farrapar
fartar, Tired
fascinar, Appeal
fatigar, Yea
favorecer, Favor
fazer, To
fechar, Close
feder, Stink
federalizar, I
federar, Federating
feitiar, Feitiar
felicitar, Congratulations
fender, Fender
fenecer, And
ferir, Hurt
ferrar, Screw
ferretear, Branding
ferrolhar, Ferrolhar
fervilhar, Roar
festejar, Party
fiar, Spin
ficar, Stay
figurar, Appear
filar, I
filtrar, Filter
finalizar, End
fincar, Plant
findar, End
firmar, Firm
fisgar, Hook
fissurar, Cracks
fitar, To
fixar, Fixed
flagelar, Punishing
flambar, Flambé
flamejar, Flambé
flanar, Cruise
flanquear, Flank
flechar, Pierce
flectir, Jack
fletir, Might
flexionar, Flex.
florear, Michelle
florejar, Florejar
florescer, Flourish
florir, Bloom
fluir, Flow
flutuar, Float
focalizar, Focus
focar, Focus
focinhar, Focinhar
fofocar, Gossip
foguear, Foguear
folegar, Folegar
folgar, Yiffing
folgazar, Folgazar
folhar, Invading
folhear, Through
fomentar, Promote
forçar, Force
forjar, Fake
formar, Form
formigar, Tingles
formosear, Formosear
formular, Ask
fornecer, Supply
fornir, Fornir
forragear, --Foraging
forrar, Wallpaper
fortalecer, Strengthen
fortificar, Cement
fosforear, Fosforear
fosforejar, Fosforejar
fossar, Root
fossilizar, Fossilizar
fotografar, Pictures
fracassar, Fail
fracionar, Fracionar
fragmentar, Fragment
fragorar, Fragorar
franzir, Scowling
fraquear, Fraquear
fraquejar, Weak
fraturar, CAROLlNE
fraudar, Fraud
frechar, Frechar
fremir, Instantly horror-stricken
frenesiar, Frenesiar
freqüentar, Attending
friccionar, Friction
frigir, It
frisar, Stress
frisar-se, Be
fritar, Fry
frolar, Frolar
frufrutar, Frufrutar
frustrar, Frustrate
fuçar, Search
fugir, Away
fulgir, ,
fulgurar, Hatred
fulminar, Strike
fumaçar, Smoking
fumacear, Fumacear
fumar, Smoking
fumegar, Smoking
fundamentar, Substantiate
fundar, Found
fundir, Merge
fundir-se, Merge
funestar, Funestar
fungar, Sniff
furar, Stick
furtar, Shoplifting
fusionar, Fuse
fustigar, Beat
futricar, Chew
fuxicar, Huh
fuzilar, I
gabar, Brag
galantear, I
galardoar, Since
galear, Galear
galgar, To
galhardear, Galhardear
galhofar, Galhofar
galopar, Clippity-clop
galopear, Galopear
galrar, Galrar
galrear, Galrear
gandaiar, Gad
ganhar, Win
garantir, Ensure
garatujar, Garatujar
gargalhadear, Gargalhadear
gargalhar, Laugh
gargantear, Gargantear
garimpar, Pan
garoar, It
garotar, Ooooh
garrotear, Garroting
garrular, Garrular
garuar, Garuar
gaseificar, I
gasificar, Gasificar
gastar, Spending
gatafunhar, Gatafunhar
gatinhar, Crawl
gazear, Skipping
gazetear, Hooky
gelar, Freeze
gemelhicar, Gemelhicar
gemer, Groan
genuflectir, Genuflectir
genufletir, Genufletir
gerar, Generate
germinar, Flourish
girar, Spin
girovagar, Girovagar
gladiar, Gladiar
globalizar, Globalise
glorificar, Gloritying
glosar, Criticising
gloterar, Gloterar
golfar, Ok
golfejar, Golfejar
golpear, Strike
gomar, Gomar
gorar, Jinx
gorgolar, Gorgolar
gorjear, Three-leaf
gostar, Like
gotear, Ooze
gotejar, Drippin
gozar, Enjoy
gracejar, Banter
gradar, Gradar
gradear, Gradear
graduar, Graduate
grafar, I
gralhar, Braying
gramar, You
grampear, Tap
granjear, Gain
grasnar, Quack
grasnir, Grasnir
grassar, A
gratificar, Overtipping
gravar, Write
grazinar, Grazinar
grelar, Grelar
gretar, Gretar
grimpar, Seizes
grisalhar, Grisalhar
grudar, Stick
grugrulejar, Grugrulejar
grunhir, Growl
guardar, Save
guarecer, Guarecer
guarnecer, Manning
guerrear, War
guiar, Guide
guinchar, Tow
guindar, How
guisar, Stew
gungunar, Gungunar
habilitar, Enable
habitar, Live
haraganear, Haraganear
harmonizar, Harmonize
hastear, Flying
haurir, Haurir
haver, There
heroificar, Heroificar
hibernar, Hibernate
higienizar, I
hipnotizar, Hypnotize
hipotecar, Mortgage
hispanizar, Hispanizar
historiar, Historiar
honestar, Honestar
horripilar, Horripilar
horrorizar, Recoil
hospedar, Host
hostilizar, Harass
humildar, Humildar
humilhar, Humiliate
içar, Jack
idealizar, Dream
idear, Artistry
identificar, Identify
idolatrar, Worship
ignominiar, Ignominiar
ignorar, Ignore
igualar, Equal
ilaquear, Ilaquear
ilegalizar, Outlaw
ilegitimar, Delegitimize
ilhar, Island
ilibar, ,
ilidir, Ilidir
iludir, Fool
iluminar, Light
ilustrar, Illustrate
imaginar, Imagine
imbuir, Imbue
imergir, Cookie
imolar, Immolate
impacientar, Tired
impar, Odd
impedir, Stop
impelir, Push
impender, Scourge
imperar, Prevail
impetrar, I
implantar, Plant
implicar, Imply
implorar, Beg
impor, Impose
importar, Import
importunar, Harass
impregnar, Impregnate
imprensar, Imprensar
impressionar, Wow
imprimir, Print
impugnar, Challenge
impulsar, European
impulsionar, Boost
impurificar, Impurificar
inalar, Inhale
incandescer, Glow
inçar, Inçar
incendiar, Burn
incentivar, Encourage
incitar, Encourage
inclinar, Lean
incluir, Add
incoar, Incoar
incomodar, Bother
incompatibilizar, Incompatibilizar
inconfortar, Inconfortar
incorporar, Incorporate
incrementar, Increase
increpar, Increpar
incrustar, Imbed
incubar, Incubate
inculcar, Chairwoman
incumbir, Cover
incutir, Imbue
indagar, I
indenizar, Compensation
indicar, Indicate
indignar, Pieeed
indispor, Indispose
induzir, Misleading
inebriar, Precious
infamar, Infamar
infeccionar, Infected
infectar, Infected
inferiorizar, I
inferir, Imply
infestar, Infest
infetar, Infect
infiltrar, I
inflamar, Fester
inflectir, Change
infletir, Infletir
influir, Influence
informar, Report
infundir, Infuse
ingerir, Eat
ingurgitar, Ingurgitar
inibir, Inhibit
iniciar, Start
inimizar, Inimizar
injetar, I
injuriar, Blackguarding
inocentar, Clear
inovar, Innovate
inquietar, Concern
inquinar, Taint
inquirir, Question
inscrever, Subscribe
insculpir, Insculpir
inserir, Enter
insinuar, I
insistir, Insist
inspecionar, Inspect
inspetar, Inspetar
inspirar, Inspire
instalar, Install
instar, Urge
instigar, Instigate
instilar, Teaching
instituir, Institute
instruir, Instruct
insuflar, Breathe
insular, Island
insurgir, Protest
integralizar, To decide on
integrar, Integrate
inteirar, I
inteiriçar, Inteiriçar
intencionar, Intend
intensificar, Intensify
intentar, Sue
intercalar, Interlayer
interceptar, Intercept
interdizer, Interdizer
interessar, Interest
interligar, Link
intermediar, Intermediate
internar, I
interpor, Appeal
interpretar, Interpret
interrogar, Question
interromper, Stop
intervalar, Interval
interverter, Interverter
intimar, Subpoena
intimidar, Bully
intoxicar, Gas
intransigir, Intransigir
intrigar, Intrigue
introduzir, Introduce
intrometer, I
intrujar, Countenance.
intuicionar, Intuicionar
intuir, Intuit
inundar, Flood
inutilizar, Despite
invadir, Hack
invalidar, Invalidate
invectivar, Hurl
invejar, Envy
inventar, Invent
invernar, Invernar
inverter, Change
investigar, Investigate
investir, Invest
invitar, Invitar
invocar, Invoke
involuir, Devolve
ir, Go
irar, I
irmanar, #Down
ironizar, Ironic
irritar, Piss
irromper, Breaks
iscar, What x
isentar, Exempt
isolar, Isolate
jacular, Jacular
janotear, Janotear
jarretar, Jarretar
jazer, Iying
jeremiar, Jeremiar
joeirar, Joeirar
jogar, Play
jorrar, Gush
jubilar, Jubilee
judiar, I
jugular, J.
julgar, Judge
juntar, Join
justapor, ,
justar, Fit
justificar, Justify
lacerar, Good
lacrimar, Lacrimar
lacrimejar, Well
lactar, Lactate.
ladear, ,
ladrar, Barking
lagrimar, Will bring tears to
lagrimejar, Lagrimejar
lamber, Iick
lambuzar, Smear
lamentar, Sorry
lampejar, Lampejar
lamuriar, Sorry
lançar, Launch
lapidar, Cut
laquear, Japanning
largar, Drop
larguear, Larguear
lassear, Own
lastimar, I
latejar, Throbbing
latir, Bark
laurear, Laurear
lavar, Wash
lavrar, Whence
laxar, Laxar
lecionar, Lect
legar, Nice
legiferar, Legislation
legislar, Legislation
legitimar, Legitimate
lembrar, Remember
lenificar, Lenificar
lenir, Lenir
ler, Read
lesar, Damage
lesionar, Injured
levantar, Lift
levar, Take
liar, #She
libar, Libar
liberalizar, Liberalisation
liberar, Free
libertar, Free
liderar, Lead
ligar, Call
limitar, Limit
limpar, Clear
linguajar, French
liquefazer, Liquefy
liquidar, Outstanding
liqüidar, I
liquidificar, That
liqüidificar, Liqüidificar
litigar, Try
livrar, Get
localizar, Find
locar, Rent
locupletar, With
lograr, Achieve
lotar, Fill
lourecer, Lourecer
lourejar, Lourejar
louvar, Praise
lubricar, Lubricar
lubrificar, Oil
ludibriar, Dodge
lufar, Luff
lusitanizar, Lusitanizar
lustrar, Shine
lutar, Fight
macerar, Macerate
macetar, Macetar
machucar, Hurt
macular, Sully
madurar, Ripen
madurecer, Grow up
magnetizar, Magnetize
magnificar, And
magoar, Hurt
malandrar, Malandrar
malandrear, Malandrear
malear, Malear
malhar, Work
maliciar, Maliciar
malograr, Fail
malquerer, Malquerer
malquistar, Malquistar
maltratar, Abuse
mal-usar, Mal-usar
mamar, Feed
manar, Manar
mancar, Limp
manchar, Stain
mandar, Send
mandriar, Hotels
manducar, Manducar
manear, Manear
manejar, Handle
mangar, Ev'rybody
maniatar, Maniatar
manietar, Captivity
manifestar, Express
manipular, Manipulate
manobrar, Maneuver
manquejar, I
manquitolar, Manquitolar
manter, Hold
manufaturar, Manufacturing
manumitir, Manumitir
manusear, Handling
maquinar, Engineer
maravilhar, Wow
marcar, Mark
marchar, March
marchetar, Marchetar
marear, Trimming
marejar, How
marginalizar, Marginalize
marinhar, Marinhar
mariposar, Mariposar
mariposear, Mariposear
mariscar, Clamming
marretar, Like
martelar, Hammer
martirizar, Beat
mascar, Chewing gum
mascarrar, Mascarrar
mascatear, I
massacrar, Massacre
massagear, Massage
mastigar, Chew
mastrear, Spar
matar, Killing
materializar, Materialize
matizar, Agreed
matraquear, Clackety-clack
maturar, Grow up
matutar, Do
mazelar, Mazelar
meandrar, Meandrar
mecanografar, Mecanografar
medir, Measure
meditar, Meditate
medrar, Helsinki
melancolizar, Melancolizar
melar, Slobber
melhorar, Improve
melificar, Melificar
melindrar, I
memorizar, Store
mencionar, Not to mention
mendigar, Begging
menear, You
menosprezar, Disregard
menos se esperava, Least expected
mentalizar, Realize
mentir, Lie
mergulhar, Plunge
mesclar, Merge
mesquinhar, Haggle
mestiçar, Mestiçar
meter, Get
mexer, Move
mexericar, Gossip
migar, Migrate
militar, Military
mimar, Spoil
mimosear, Mimosear
minar, Undermine
minerar, Minin
minguar, Fade
ministrar, Minister
minorar, Mitigate
mirar, Aim
mirrar, Shrjveled
miscigenar, Mongrelizing
mistificar, Mystify
misturar, Mix
mitigar, Mitigate
miudear, Miudear
mobilizar, Mobilise
mochar, Mochar
modelar, Model
moderar, Moderate
modificar, Change
moer, Grind
mofar, Sit
moldar, Shape
moldurar, Me
molecar, Molecar
molestar, Molest
molhar, Wet
molificar, Molificar
monitorar, Monitor
monitorizar, Monitor
montar, Assemble
montear, Montear
morar, Live
morder, Bite
mordicar, Mordicar
mordiscar, Nip
mornar, Mornar
morrer, Die
morrinhar, Morrinhar
mortificar, Fester
mostrar, Show
motejar, Motejar
motivar, Motivate
mover, Move
movimentar, Move
mudar, Change
multar, Cite
multiplicar, Multiply
mundificar, Mundificar
mungir, Rituai
municiar, Bullets
munir, Possession
murchar, Wither
murmulhar, Murmulhar
murmurar, Murmur
murmurejar, Murmurejar
musicar, I
mussitar, Mussitar
mutilar, Maim
nadar, Swimming
namorar, Date
namoricar, Plio
namoriscar, Philanderin
narrar, Narrate
nascer, Born
naufragar, Wreck
nausear, Debra
navegar, Navigate
neblinar, Neblinar
nebulizar, Nebulizar
necessitar, Need
negacear, Jivin '
negar, Deny
negociar, Deal
neutralizar, Neutralize
nimbar, Nimbar
nitrir, Nitrir
nivelar, Level
nobilitar, Nobilitar
nodoar, Nodoar
nomear, Name
nomenclar, Nomenclar
nomenclaturar, Nomenclaturar
notar, Notice
noticiar, Report
notificar, Notify
nulificar, Nullify
nutrir, Nurture
obcecar, Kevin
obedecer, Obey
objetar, Louis
objetivar, Target
objurgar, Objurgar
obliterar, Obliterate
obrar, By
obrigar, Force
obscurecer, Obscure
observar, Watch
obstar, Hinder
obstruir, Hinder
obtemperar, Obtemperar
obter, More
obtestar, Obtestar
obumbrar, Obumbrar
obviar, Remedy
ocar, Playing
ocasionar, Cause
ocorrer, Occur
ocupar, TO POPULATE
odiar, Hate
odorar, Odorar
ofegar, Wheezing
ofender, Offense
oferecer, Offer
oferendar, Oferendar
ofertar, I
ofuscar, Obfuscate
ojerizar, Ojerizar
olear, Grease
olhar, Look
ombrear, Compeers
ondear, Billow
ondular, Wave
onerar, Tax
operar, Operate
opinar, Opinion
opor, Oppose
oprimir, Persecute
optar, Choose
opugnar, Opugnar
opulentar, Opulentar
orar, Pray
ordenar, Order
ordenhar, Milk
organizar, Arrange
orientar, Guide
originar, Source
orlar, Orlar
ornamentar, Landscape
ornar, Deck
ornear, Ornear
ornejar, Ornejar
ortografar, Ortografar
orvalhar, Dew
oscilar, Drift
oscular, Oscular
outorgar, Grant
ouvir, Hear
oxigenar, Re-oxygenating
pacificar, Peace
pactuar, Collude
padecer, Suffer
padrear, Padrear
pagar, Pay
pagodear, Pagodear
pairar, Hovering
palavrear, Palavrear
palejar, Palejar
palestrar, Lecture
palhetar, Palhetar
palmatoar, Palmatoar
palmear, Pat
palmilhar, Walk
palpitar, Palpitate
palrar, Liv'st
palrear, Palrear
papagaiar, Jivin '
papaguear, ...
paparicar, Soft-soap
papear, Chat
paqueirar, Paqueirar
paquerar, Flirt
parabenizar, Congratulations
parafusar, Screw
paramentar, Paramentar
paraninfar, Paraninfar
parar, Stop
parentar, Parentar
parir, Birth
parlamentar, Parliament
parolar, Parolar
parquear, Pickup
participar, Participate
partilhar, Share
partir, From
pascer, ,
passar, Spend
passarinhar, Mopin
pastar, Grazing
pastejar, Pastejar
pastorar, We
pastorear, You
pataratar, Pataratar
pataratear, Pataratear
patrocinar, Sponsor
patronear, Patronear
pavimentar, Pave
pechinchar, Haggle
pedir, Ask
pegar, Get
pejar, Pejar
pelejar, Young.
pender, Pender
pendoar, Pendoar
pendular, Pendulum
pendurar, Hang
peneirar, Sieve
penetrar, Penetrate
penhorar, Pawn
pensar, Think
pentear, Comb
peralvilhar, Peralvilhar
perambular, Wander
perceber, I
percorrer, Go
percutir, Headform
perder, Lose
perdoar, Forgive
perecer, Perish
perfazer, Mark
perfilhar, Turkey
perfolhear, Perfolhear
perfumar, SmeII
perfurar, Drill
perguntar, Ask
periclitar, Post-war
perigar, Endanger
perjurar, Perjures
perlar, Perlar
perlavar, Perlavar
perlongar, Perlongar
permanecer, Remain
permear, Finance
permitir, Allow
pernear, Fly
pernetear, Pernetear
perolar, Perling
perolizar, Perolizar
perorar, Newcomers
perpassar, Slipped
perquirir, Perquirir
perrengar, Perrengar
perrenguear, Perrenguear
perscrutar, Peer
persistir, Persists
perspirar, Perspirar
persuadir, Persuade
pertencer, Belong
perturbar, Disturbing
pervagar, Pervagar
perverter, Pervert
pescar, Fishing
pespontar, Stitching
pesquisar, Search
pestanear, Pestanear
pestanejar, Blink
pestear, Pestear
petecar, Petecar
petrificar, Stone
piançar, Piançar
piar, Tweet
picar, Sting
picuar, Picuar
pigarrar, Pigarrar
pigarrear, I
pigmentar, In
pilar, Pillar
pilhar, Looting
pilheriar, Pilheriar
pimpar, Lots
pimponar, Pimponar
pinçar, Snark
pincelar, Strike
pingar, Perfuse
pinicar, Scratchier
pinotear, Cavort
pintar, Paint
piorar, Worse
pipiar, Tweet
pipilar, Pipilar
pipitar, Pipitar
pipocar, Pop
pipoquear, Pipoquear
pirilampar, Pirilampar
pirilampear, Pirilampear
pirilampejar, Pirilampejar
piriricar, Piriricar
pirraçar, Pirraçar
pirracear, Pirracear
pisar, Foot
piscar, Flash
placitar, Placitar
planar, Planar
plantar, Plant
plasmar, Commission
pleitear, Plead
plenificar, Plenificar
pluralizar, Pluralise
podar, Prune
polir, Polish
poluir, Polluting
polvilhar, Powderin
pombear, Pombear
pontear, Stitch
pôr, Put
porfiar, March
portear, Portear
portugalizar, Portugalizar
possuir, Have
postar, Post
postergar, Delay
potencializar, Leverage
poupar, Save
prantear, Mourner
pratear, Nwho
praticar, Practice
prazer, Nice
precatar, Precatar
precaver, Precautions
preceder, Precede
precintar, Precintar
precipitar, Rush
precisar, Need
preconizar, Advocate
predispor, Bias
predominar, Outwit
preencher, Fill in
preferir, Prefer
prefigurar, Herald
pregar, Preach
pregoar, Pregoar
preguiçar, Bahamian
preitear, Preitear
prejudicar, Damage
prejulgar, Prejudge
prelecionar, Prelecionar
prelibar, Prelibar
premer, Premer
premiar, Award
premir, Push
premunir, Premunir
prender, Arrest
prensar, Smash
preocupar, Worry
preparar, Prepare
prepor, Prepor
prescrever, Prescribe
presenciar, Witness
preservar, Preserve
pressagiar, Darest
pressentir, I
pressionar, Press
pressupor, Assume
prestar, Pay
prestigiar, Sid
presumir, Assume
pretender, Intend
preterir, Pass
prevalecer, Prevail
prevaricar, Prevaricates
prevenir, Prevent
prever, Predict
prezar, Err
primar, Paramount
principiar, Begin
privar, Rob
proceder, Proceed
proclamar, Claim
procurar, Search
prodigalizar, Generous
prodigar, Prodigar
produzir, Produce
proferir, I
professar, Profess
profligar, Profligar
profundar, Profundar
prognosticar, Forecasts
progredir, Progress
proibir, Ban
projetar, Design
proliferar, Flourish
prolongar, Prolong
prometer, Promise
promover, Promote
pronunciar, Comment
propor, Propose
proscrever, Banned
prosear, Chat
prospectar, Latin
prosperar, Thrive
prosseguir, Continue
prostrar, Humble
proteger, Protect
protestar, Protest
protocolar, Protocol
protocolizar, Protocolizar
provar, Prove it
prover, Provision
providenciar, I
provocar, Cause
prurir, Prurir
publicar, Print
pugnar, Fight
pular, Jump
pulular, Pulsating
pulverizar, Spray
pungir, Pungir
punir, Punish
purgar, To purge.
purificar, Purify
purpurar, Purpurar
purpurear, Purpurear
putrificar, Putrificar
puxar, Pull
quadrar, Squaring
qualificar, Qualify
quebrantar, Break
quebrar, Break
quedar, Down
queimar, Burn
quentar, Quentar
querelar, Querelar
querer, Want
questionar, Question
quicar, Bounce
quietar, Chill
rabiscar, Doodle
rabular, Rabular
rachar, I
radicar, Settle
raiar, Dawn
raivar, Raivar
rajar, Rajar
ralar, Grate
ramalhar, Ramalhar
ranger, Ranger
ranhurar, Ranhurar
rapar, Shave
rasar, Plooij
rasgar, Rip
raspar, Shave
rastear, Luxembourg
rastejar, Crawl
rastelar, Rake
rastrear, Track
rasurar, Put
ratar, Ratar
ratear, Rat
ratificar, Ratify
razoar, Fay
reabilitar, Rehabilitate
reacender, Re
readquirir, Reacquires
realçar, Highlight
realentar, Realentar
realizar, To
reaplicar, Reapply
reassumir, Resume
reaver, Back
reavivar, Revive
rebaixar, Lower
rebanhar, Rebanhar
rebater, Hit
rebentar, Blow
reboar, Reboar
rebocar, Tow
rebojar, Rebojar
rebombar, Rebombar
rebramar, Rebramar
rebrilhar, Rebrilhar
rebuscar, Refetch
recalcar, Inside
recalcitrar, Recalcitrar
recamar, Recamar
recapear, Resurface
recapitular, Recap
recatar, Recatar
recear, Fear
receber, Receive
receitar, I
rechaçar, Rebuff
rechinar, Rechinar
recitar, Quote
reclamar, Complain
recobrar, Get
recobrir, Fillet
recolher, Curfew
recomeçar, Start
recomendar, Recommend
recompensar, Reward
recompor, Together
reconhecer, Recognize
reconquistar, Win
reconstituir, Retracing
reconstruir, Rebuild
recontar, Recount
recopilar, Recopilar
recordar, Recall
recorrer, Appeal
recortar, Cut
recrear, Recreate
recrescer, Regrown
recriminar, I
recrudescer, Wage
recrutar, Recruit
recuar, Back
recuperar, Recover
recusar, Decline
redargüir, Redargüir
redemoinhar, Redemoinhar
redigir, Draw
redimir, Make
redizer, I'll rephrase
redobrar, To
redopiar, Redopiar
redundar, Benefit
reduzir, Collapse
reembolsar, Refund
reempregar, Check
reencetar, Consider
reestruturar, Restructure
reestudar, Restudied
refazer, Redo
refecer, Refecer
referir, Refer
referver, Referver
refletir, Reflect
reflorescer, Flowering
reflorir, Reflorir
refluir, ,
refocilar, Yourjob
refogar, Braise
reforçar, Strengthen
reformar, Reform
refrear, Curb
refrescar, Cool
refrigerar, Cool
refugar, Balk
refugir, Refugir
refutar, Refute
regalar, Lilith
reganhar, Regain
regar, Water
regatear, Haggle
regelar, Regelar
regirar, Regirar
registar, Note
registrar, Record
regougar, Regougar
regozijar, Welcome
regredir, Back
regressar, Back
regurgitar, Vomit
reimplantar, Reimplant
reinar, Reign
reincorporar, Reinsertion
reiniciar, Restart
reintegrar, Back
reintroduzir, Reintroduce
reiterar, I
reivindicar, Claim
rejeitar, Reject
relacionar, Link
relampaguear, Relampaguear
relampear, Relampear
relampejar, Flash
relar, To
relatar, Report
relaxar, Relax
relevar, Fall
relinchar, Neighed
relutar, Fighting
reluzir, Glisten
remanescer, He
remar, Row
rematar, Kicker
remediar, Sorry
rememorar, ,
remendar, Patch
remessar, Remessar
remeter, Refer
remexer, Dig
remir, Debentures
remitir, Remitir
remoer, Dwell
remoinhar, Remoinhar
remorder, Remorder
remunerar, Pinguelli
render, Surrender
renegar, Deny
renguear, Renguear
renovar, Revamp
renunciar, Resign
reorganizar, Rearrange
reparar, Repair
repartir, Share
repassar, Review
repavimentar, Redo
repelar, Repelar
repelir, Ward
repercutir, Pass
repertoriar, List
repetir, Repeat
repimpar, Repimpar
repintar, Repaint
repisar, Stress
repletar, Repletar
replicar, Replicate
repor, Replace
reportar, Report
repousar, Rest
represar, Dam
representar, Represent
reprimir, Crackdown
reprochar, Reprochar
reproduzir, Replay
reprovar, Unapprove
reptar, Reptar
repudiar, Repudiate
repugnar, Dislike
repulsar, Repulse
reputar, I
requerer, Require
requestar, Requestar
requintar, Requintar
rescindir, Terminate
reservar, Reserve
resfolegar, Puff
resfolgar, Resfolgar
resfriar, Cool
resgatar, Rescue
resguardar, Safe
residir, Reside
resilir, Resilir
resistir, Resist
resmonear, Resmonear
resmungar, Whining
resolver, Solve
respaldar, Back
respeitar, Respect
respigar, T'were
respingar, Splash
respirar, Breathe
resplandecer, Shine
resplender, Resplender
responder, Reply
ressair, Ressair
ressaltar, Stress
ressalvar, I
ressarcir, I
ressecar, Dry
ressequir, Desiccate
ressoar, Clanging
ressonar, Snore
restar, Men
restituir, Back
restringir, Narrow
resultar, Result
resumir, Summarize
resvalar, Sliding
retemperar, I
reter, Retain
retesar, Wearing
retinir, Vibrate
retirar, Withdraw
retomar, Resume
retorcer, Twist
retornar, Return
retouçar, Retouçar
retrair, Retract
retratar, Portray
retribuir, Return
retrilhar, Retrilhar
retroar, Retroar
retroceder, Back
retrotrair, Retrotrair
retroverter, Retroverter
retumbar, Rumble
retundir, Retundir
reunir, Gather
revenerar, Revenerar
rever, Review
reverberar, Reverberate
reverenciar, Bow
reverter, Reverse
revestir, Take
revigorar, Rally
revirar, Search
revitalizar, Revive
revoar, Flitting
revocar, Revocar
revogar, Repeal
revoltar, Revolt
revolutear, Revolutear
revolver, Revlver
rezar, Pray
rezingar, Growl
riçar, Riçar
ridicularizar, Ridicule
ridiculizar, Ridicule
rilhar, Rilhar
rinchar, Scream
rinchavelhar, Rinchavelhar
ringir, Ringir
rinhar, Rinhar
rir, Laugh
riscar, I
ritmar, Rhythm
rivalizar, Rival
rixar, Rixar
robustecer, Fed
roçar, Scratching
rociar, Rociar
rodar, Run
rodear, Circle
rodopiar, Spin
roer, Gnaw
rogar, Pratts
rojar, Gush
rolar, Scroll
romancear, Novelize
romantizar, Romanticize
romper, Break
roncar, Snore
rorejar, Rorejar
rosnar, Growling
rotear, Route
rotular, Label
roubar, Rob
roxear, Roxear
ruflar, Rustle
rugar, Rugar
rugir, Roar
rugitar, Rugitar
ruidar, Ruidar
ruir, Collapse
rumorar, Rumorar
rumorejar, Rumorejar
rutilar, Rutilar
saber, Know
saborear, Enjoy
sabrecar, Sabrecar
sacar, Draw
sachar, Sachar
sacramentar, Mustatonsecre
sacrificar, Sacrifice
sacudir, Shake
sagrar, Bleeding
sair, Out
salgar, Salt
salientar, Stress
salmourar, Salmourar
salpicar, Splash
saltar, Jump
saltear, Reaving
saltitar, Hop
salvar, Save
sambar, Samba
sambear, Sambear
sanar, Deal
sancionar, Sanction
sanear, Tidy up
sanfoninar, Sanfoninar
sangrar, Bleeding
sapecar, Will
saracotear, That
sarar, Heai
sarrafaçar, Sarrafaçar
satirizar, Clown
satisfazer, Meet
saturar, Glut
sazonar, Sazonar
secar, Dry
secundar, Back
seduzir, Seduce
segar, Segar
segredar, SHUSHlNG
segregar, Segregate
seguir, Following
segundar, Segundar
segurar, Hold
selar, Seal
selecionar, Selected
seletar, Seletar
semear, Seed
semicerrar, .quickening
semi-erguer, Semi-rise
sensibilizar, Awareness
sentar, Sit
sentenciar, Sentence
sentir, Feel
separar, Separate
sepultar, Bury
seqüestrar, Kidnap
ser, Be
serenar, De-escalation
seriar, Seriar
serpear, Serpear
serpejar, Serpejar
serpentar, Serpentar
serpentear, Snake
servir, Serve
seviciar, Seviciar
sibilar, Hiss
significar, Mean
silenciar, Silence
simpatizar, Like
sindicar, Syndicate
singrar, Well
sitiar, Siege
situar, Is
soabrir, Soabrir
soar, Sound
sobalçar, Sobalçar
soberanizar, Soberanizar
sobrar, Left
sobrecarregar, Overload
sobredoirar, Sobredoirar
sobredourar, Sobredourar
sobrelevar, Pussy
sobrenadar, Sobrenadar
sobrepor, Superimpose
sobre-restar, Sobre-restar
sobressair, Excel
sobressaltar, Revulsion
sobreviver, Live
socalcar, Socalcar
socar, Punch
soçobrar, Collapse
socorrer, Help
sofismar, Quibble
solapar, Undermine
soldar, Weld
soletrar, Spell
solicitar, Request
solidar, Solidar
solidificar, Cement
soltar, Drop
soluçar, Hiccuping
solucionar, Solve
solver, Solver
somar, Add
sondar, Poll
sonhar, Dream
sopesar, Weigh
soprar, Queefing
soquear, Knocking
sorrir, Smile
sortir, Treatment could start
sorver, Slurp
sossegar, Settle
sotaquear, Sotaquear
soterrar, Manacle
sovar, Schtupping
suar, Sweat
suavizar, Smooth
subentender, Imply
subir, Rise
subjugar, Subjugate
sublimar, Sublimes
sublinhar, Stress
submergir, Submerge
submeter, Submit
subscrever, Subscribe
subsidiar, Subsidies
subsistir, Remain
substituir, Replace
subterrar, Subterrar
subtilizar, Subtilizar
subtrair, Subtract
suceder, Succeed
sucumbir, Fall
sufocar, Choke
sugar, Sugar
sugerir, Suggest
sugilar, Sugilar
sujar, Dirty
sujeitar, Subject
sulcar, Soling
sumir, Disappear
superpor, Superimpose
suplantar, O'ersways
suplementar, Additional
suplicar, Beg
supliciar, Supliciar
supor, Assume
suportar, Support
suprimir, Delete
suprir, Supply
supurar, Suppurate
surdinar, Surdinar
surdir, Surdir
surgir, Arise
surpreender, Surprise
surrar, Beat
surribar, Surribar
sururucar, Sururucar
susceptibilizar, Susceptibilizar
suscetibilizar, Suscetibilizar
suscitar, Rise
suspeitar, Suspect
suspender, Suspend
suspirar, Sigh
sussurrar, Whisper
sustentar, Support
suster, Hold
sutilizar, Sutilizar
suxar, Suxar
tacar, I
tachar, Strike
tagarelar, Breeze
talar, Betore
talhar, Hack
tanger, ôangiers
tapar, Cover
tapear, Con
tardar, Latest
tarraxar, Tarraxar
tascar, Me
tasquinhar, Tasquinhar
tatear, Perusal
taxar, Rate
tecer, Comment
telefonar, Call
temer, Fear
temperar, Seasoning
tencionar, Is
tentar, Try
tentear, Try
ter, Have
terminar, End
testar, Test
testemunhar, Witness
testificar, Testify.
timbrar, Timbrar
tingir, Dye
tinir, Turnstiles
tirar, Take
tisnar, Tisnar
toar, Trill
tocaiar, Tip-toeing
tocar, Play
toldar, Olaf
tolerar, Tolerate
tolher, Hedging
tomar, 
tonificar, Ercise
topar, Bump
torcer, Hope
tornar, Make
tornear, Non
torrar, Toast
torturar, Torture
torvelinhar, Torvelinhar
tosar, Clipped
toscanejar, Toscanejar
tosquiar, Shave
tostar, Toast
totalizar, Total
toucar, Toucar
trabalhar, Work
traçar, Draw
traduzir, Translate
tragar, Swallow
trair, Betray
trajar, ,
tramar, Up
trancafiar, Lock
trancar, Lock
trançar, Weave
tranqüilizar, Calm
transcender, Trandcend
transcoar, Transcoar
transcrever, Theresa
transfazer, Transfazer
transferir, Transfer
transfigurar, Transfigure
transformar, Turn
transigir, Compromise
transir, Transir
translumbrar, Translumbrar
transmitir, Pass
transpirar, Sweating
transpor, Bridge
transportar, Transport
transtrocar, Transtrocar
transudar, Transudar
trapejar, Trapejar
tratar, Deal
tratear, Tratear
traumatizar, Traumatise
trautear, Do
travar, Crash
travessar, Raverse
trazer, Bring
trejeitar, Trejeitar
treler, Treler
tremer, Quake
tremular, Banner
trepar, Fuck
tresandar, Stink
trescalar, Trescalar
tressuar, Tressuar
tributar, Tax
trilar, Trilar
trilhar, Walk
trinar, Twitter
trincar, Snap
trinchar, Carving
trinfar, Win
tripudiar, Gloat
trissar, Trissar
triturar, Grind
triunfar, Triumph
trocar, Change
troçar, Fun
trombar, Bump
tropeçar, Stumble
tropicar, Tropicar
trotar, Gaiting
trucidar, Murderise
truncar, Truncate
tumultuar, Disruption
tundar, Tundar
tungar, Tungar
turturinar, Turturinar
ulcerar, Ulcerate
ultimar, Finalise
ultrapassar, Overcome
ulular, Ululate
umedecer, Damp
umidificar, Humidifies
ungir, Ointment
unhar, Scratch
unir, Join
untar, Untars
urdir, Iljoin
urgir, Urge
urrar, Roar
usar, Use
utilizar, Use
vacilar, I
vadiar, Fool
vagabundar, Tramp
vagabundear, Gallivant
vagamundear, Vagamundear
vagar, Walk
vagir, Vagir
vaguear, Roam
vaguejar, Vaguejar
vaiar, Boo
valer, Real
vaporizar, Vaporize
variar, Change
varrer, Scan
vasculhar, Search
vazar, Leak
vedar, Recaulk
velar, Ensure
velejar, Sailing
velhaquear, Velhaquear
vencer, Win
venerar, Worship
ventar, Windy
ventilar, Vent
ver, See
verberar, Verberar
verbo, Verb
vergar, Groan
verificar, Check
vermelhar, Vermelhar
versar, I
verter, Spillable
vestir, Dress
vetar, Veto
vexar, Baiting
vibrar, Flittering
viçar, Viçar
vicejar, Thrive
viciar, Addicted
vigiar, Watch
vigilar, Vigilar
vigorar, Force
vigorizar, Vigorizar
vincar, Creased
vincular, Link
vingar, Revenge
violentar, Rape
vir, Come
virar, Turn
visitar, Visit
vislumbrar, See
vistoriar, Search
visualizar, View
vitalizar, Vitalize
vitimar, Strike
vituperar, Vituperar
viuvar, I
viver, Live
voar, Fly
voejar, Voejar
vogar, Vogar
volatizar, Blow
volitar, Rebecca
voltar, BACK
voltear, Gift-basket
voltejar, Voltejar
volutear, Volutear
volver, Face
vomitar, Puke
votar, Vote
vulcanizar, Vulcanizar
vulnerar, Vulnerar
zabumbar, Zabumbar
zangar, Angry
zanzar, Hang
zarelhar, Zarelhar
zarpar, Sail
zelar, Ensure
ziguezaguear, Zigzag
zingarear, Zingarear
zingrar, Zingrar
zinir, Zinir
zombar, Fun
zombetear, Zombetear
zuir, Zuir
zumbir, WHlRRlNG
zunir, Buzzing
zunzunar, Zunzunar
zunzunir, Zunzunir
zupar, Zupar
zurrar, I-A
zurzir, Blast
