abandonar,abandon,
diminuir,abate,
abduzir,abduct,
abominar,abhor,abomino
acatar,abide,habitar
abolir,abolish,
abortar,abort,
abreviar,abridge,
ab-rogar,abrogate,revogar
ausentar,absent,ausente
absolver,absolve,
absorver,absorb,
abstrair,abstract,abstrato
abusar,abuse,
,abut,confinar
acelerar,accelerate,
acentuar,accentuate,
aceitar,accept,
acessar,access,acesso
acessar,accession,acessao
acomodar,accommodate,
acompanhar,accompany,
realizar,accomplish,
,accost,accost
creditar,accredit,acreditar
acumular,accumulate,
acusar,accuse,
,ace,ás
alcançar,achieve,
reconhecer,acknowledge,agradecer
familiarizar,acquaint,
adquirir,acquire,
absolver,acquit,
atuar,act,ato
ativar,activate,
efetivar,actualize,
adaptar,adapt,
adicionar,add,
endereçar,address,endereco
aderir,adhere,
,adjoin,ser contíguo a
adiar,adjourn,
adjudicar,adjudicate,
ajustar,adjust,
administrar,administer,
administrar,administrate,
admirar,admire,
admitir,admit,
admoestar,admonish,
adotar,adopt,
adorar,adore,
adornar,adorn,
avançar,advance,
anunciar,advertise,
anunciar,advertize,
aconselhar,advise,
advogar,advocate,defensor
afetar,affect,
afirmar,affirm,
afixar,affix,
afligir,afflict,
dispor,afford,
reflorestar,afforest,arborizar
envelhecer,age,idade
agravar,aggravate,
agonizar,agonize,
ajudar,aid,ajuda
afligir,ail,
direcionar,aim,objetivo
aerar,air,ar
derrubar,air-drop,ar-gota
,airdrop,lançamento aéreo
,airlift,transporte aéreo
alarmar,alarm,alarme
alertar,alert,alerta
alienar,alienate,
alinhar,align,
acalmar,allay,
alegar,allege,alegam
aliviar,alleviate,
distribuir,allocate,
atribuir,allot,
permitir,allow,
ligar,alloy,liga
fascinar,allure,fascinação
aliar,ally,aliado
alterar,alter,
acumular,amass,
surpreender,amaze,
emboscar,ambush,emboscada
melhorar,ameliorate,
emendar,amend,
amplificar,amplify,
amputar,amputate,
divertir,amuse,
analisar,analyse,
analisar,analyze,
anestesiar,anesthetize,
enraivecer,anger,raiva
angustiar,anguish,angústia
animar,animate,
anexar,annex,anexo
aniquilar,annihilate,
anotar,annotate,
anunciar,announce,
aborrecer,annoy,
anular,annul,
ungir,anoint,
responder,answer,resposta
antagonizar,antagonize,
antecipar,anticipate,
desculpar,apologize,
ofender,appal,assustar
ofender,appall,
apelar,appeal,apelo
aplacar,appease,
anexar,append,
aplaudir,applaud,
aplicar,apply,
nomear,appoint,
repartir,apportion,
avaliar,appraise,
apreciar,appreciate,
apreender,apprehend,
aprender,apprentice,aprendiz
informar,apprise,
aproximar,approach,aproximação
apropriar,appropriate,apropriado
aprovar,approve,
aproximar,approximate,aproximado
arbitrar,arbitrate,
,arc,arco
arcar,arch,arco
arquivar,archive,arquivo
argumentar,argue,
armar,arm,braço
despertar,arouse,
denunciar,arraign,
organizar,arrange,
prender,arrest,
articular,articulate,
determinar,ascertain,
atribuir,ascribe,
perguntar,ask,
aspirar,aspire,aspiram
assaltar,assail,
assassinar,assassinate,
assaltar,assault,assalto
montar,assemble,
afirmar,assert,
avaliar,assess,
atribuir,assign,
assimilar,assimilate,
auxiliar,assist,
associar,associate,associado
,assort,concordar
amenizar,assuage,
assumir,assume,
assegurar,assure,
surpreender,astonish,
surpreender,astound,
anexar,attach,
atacar,attack,ataque
atingir,attain,
tentar,attempt,tentativa
assistir,attend,
atrair,attract,
atribuir,attribute,atributo
afinar,attune,
leiloar,auction,leilão
auditar,audit,
aumentar,augment,
augurar,augur,
autenticar,authenticate,
autorar,author,autor
autorizar,authorise,
autorizar,authorize,
automatizar,automate,
aproveitar,avail,proveito
vingar,avenge,
,average,média
evitar,avert,
evitar,avoid,
esperar,await,await
despertar,awaken,
premiar,award,prêmio
destruir,axe,machado
,baby-sit,cuidar temporariamente de crianças
,babysit,babá
voltar,back,de volta
,backhand,backhand
rotular,badge,crachá
pedir,badger,texugo
maldizer,badmouth,
confundir,baffle,confusão
ensacar,bag,saco
afiançar,bail,fiança
,bait,isca
assar,bake,
equilibrar,balance,equilíbrio
proibir,ban,
,bandage,bandagem
estrondar,bang,estrondo
banir,banish,
bancar,bank,banco
,bankroll,bankroll
falir,bankrupt,falido
batizar,baptize,
barrar,bar,bar
churrasquear,barbecue,churrasco
intrometer,barge,barcaça
ladrar,bark,casca
barrar,barrage,barragem
embarricar,barrel,barril
,barricade,barricada
basear,base,base
bater,bash,
bater,bat,morcego
banhar,bath,banho
banhar,bathe,banho
bater,batter,
berrar,bawl,berro
,bead,pérola
sorrir,beam,viga
suportar,bear,
bater,beat,
beatificar,beatify,
embelezar,beautify,
tornar-se,become,
atrapalhar,bedevil,acossar
bipar,beep,
,befit,ser próprio de
ajudar,befriend,
confundir,befuddle,
implorar,beg,
iniciar,begin,início
invejar,begrudge,
comportar-se,behave,
decapitar,behead,
sitiar,beleaguer,
desmentir,belie,
acreditar,believe,
desmerecer,belittle,
berrar,bellow,berro
berrar,belt,cinto
lamentar,bemoan,
bancar,bench,banco
curvar,bend,curva
beneficiar,benefit,benefício
legar,bequeath,
repreender,berate,
abrigar,berth,ancoradouro
suplicar,beseech,
,beset,assaltar
sitiar,besiege,
manchar,besmirch,
evidenciar,bespeak,
,best,o melhor
outorgar,bestow,
apostar,bet,aposta
trair,betray,
melhorar,better,melhor
confundir,bewilder,
enfeitiçar,bewitch,
ofertar,bid,oferta
lograr,bilk,
,bill,projeto de lei
vincular,bind,
parir,birth,birthe
bifurcar,bisect,
morder,bite,
enegrecer,black,preto
denegrir,blacken,
chantagear,blackmail,chantagem
culpar,blame,culpa
branquear,blanch,
esquecer,blank,em branco
cobrir,blanket,cobertor
retumbar,blare,
explodir,blast,explosão
alvejar,bleach,alvejante
sangrar,bleed,
misturar,blend,mistura
abençoar,bless,
,blight,ferrugem
cegar,blind,cego
vendar,blindfold,de olhos vendados
piscar,blink,
bolhar,blister,bolha
,blitz,ataque repentino
inchar,bloat,
bloquear,block,bloco
bloquear,blockade,bloqueio
manchar,blot,mancha
golpear,blow,golpe
cacetear,bludgeon,cacete
azular,blue,azul
blefar,bluff,blefe
embotar,blunt,
borrar,blur,borrão
,blurt,deixar escapar
embarcar,board,conselho
ostentar,boast,ostentação
,bob,prumo
,bobble,bobble
pressagiar,bode,
ferver,boil,fervura
apoiar,bolster,
aparafusar,bolt,parafuso
bombardear,bomb,bomba
bombardear,bombard,
vincular,bond,vínculo
desossar,bone,osso
,boo,boo
reservar,book,livro
estrondar,boom,estrondo
impulsionar,boost,impulso
chutar,boot,bota
beirar,border,fronteira
furar,bore,diâmetro
emprestar,borrow,pedir emprestado
remendar,botch,remendo
incomodar,bother,
engarrafar,bottle,garrafa
,bottom,inferior
saltar,bounce,ressalto
encadernar,bound,encadernado
curvar,bow,arco
encaixotar,box,caixa
boicotar,boycott,boicote
preparar-se,brace,braçadeira
trançar,braid,trança
,brainwash,lavagem cerebral
refogar,braise,
frear,brake,freio
marcar,brand,marca
brandir,brandish,
enfrentar,brave,valente
violar,breach,
empanar,bread,pão
parar,break,pausa
amamentar,breastfeed,
respirar,breathe,
criar,breed,raça
infundir,brew,infusão
subornar,bribe,suborno
ligar,bridge,ponte
reportar,brief,breve
clarear,brighten,
transbordar,brim,borda
salgar,brine,salmoura
trazer,bring,
espichar,broach,
difundir,broadcast,
ampliar,broaden,
grelhar,broil,
,broker,corretor
bronzear,bronze,bronze
intimidar,browbeat,
acastanhar,brown,marrom
procurar,browse,
contundir,bruise,contusão
escovar,brush,escova
brutalizar,brutalize,
pinotear,buck,pinote
afivelar,buckle,fivela
amortecer,buffer,amortecedor
,buffet,bufê
incomodar,bug,percevejo
construir,build,
mexer,bulge,protuberância
,bull,touro
,bulldog,buldogue
arrasar,bulldoze,
maltratar,bully,valentão
vagabundear,bum,vagabundo
colidir,bump,
empacotar,bundle,pacote
estragar,bungle,
,bunt,bojo
boiar,buoy,bóia
incomodar,burden,fardo
roubar,burglarize,burglarize
queimar,burn,
polir,burnish,
explodir,burst,explosão
enterrar,bury,
transportar,bus,ônibus
irromper,bust,busto
ocupar,busy,ocupado
matar,butcher,açougueiro
,butt,bumbum
facilitar,butter,manteiga
,buttonhole,botoeira
fortalecer,buttress,contraforte
comprar,buy,
zumbir,buzz,zumbido
ignorar,bypass,
enviar,cable,cabo
engaiolar,cage,gaiola
persuadir,cajole,
,cake,bolo
calcular,calculate,
calibrar,calibrate,
chamar,call,chamada
acalmar,calm,
camuflar,camouflage,camuflagem
enlatar,can,lata
cancelar,cancel,
canibalizar,cannibalize,
canonizar,canonize,
examinar,canvass,exame
,cap,boné
capitalizar,capitalize,
legendar,caption,subtítulo
cativar,captivate,
capturar,capture,captura
caramelizar,caramelize,
acariciar,caress,carícia
sequestrar,carjack,carjack
acarpetar,carpet,tapete
transportar,carry,
carregar,cart,carrinho
descontar,cash,numerário
gravar,cast,elenco
castigar,castigate,
castrar,castrate,
catalogar,catalog,catálogo
catalogar,catalogue,catálogo
catalisar,catalyze,
catapultar,catapult,catapulta
capturar,catch,captura
classificar,categorize,
fornecer,cater,
calafetar,caulk,
causar,cause,causa
acautelar,caution,cautela
cessar,cease,
ceder,cede,
celebrar,celebrate,
acimentar,cement,cimento
censurar,censor,censor
censurar,censure,censura
centrar,center,centro
centralizar,centralize,
certificar,certify,
,chafe,chafe
encadenar,chain,cadeia
presidir,chair,cadeira
,chalk,giz
desafiar,challenge,desafio
campionar,champ,campeão
campionar,champion,campeão
arriscar,chance,chance
mudar,change,mudança
canalizar,channel,canal
cantar,chant,cântico
acompanhar,chaperone,dama de companhia
,char,serviço doméstico
caracterizar,characterize,
cobrar,charge,
,charm,encanto
,chart,gráfico
fretar,charter,fretamento
perseguir,chase,perseguição
punir,chastise,
tagarelar,chatter,tagarelice
dirigir,chauffeur,motorista
baratear,cheapen,
trapacear,cheat,
verificar,check,
brindar,cheer,alegria
,cheese,queijo
apreciar,cherish,acalentar
mastigar,chew,
censurar,chide,
esfriar,chill,frio
lascar,chip,lasca
estrangular,choke,estrangulamento
,chomp,chomp
escolher,choose,
picar,chop,
coreografar,choreograph,
cronicalizar,chronicle,crônica
cortar,chunk,naco
bater,churn,batedeira
circular,circle,círculo
circular,circulate,
circunavegar,circumnavigate,
circunscrever,circumscribe,
lograr,circumvent,lograr
citar,cite,
civilizar,civilize,
reivindicar,claim,reivindicação
agarrar,clamp,braçadeira
tinir,clang,tinido
estrondar,clank,estrépito
bater palmas,clap,gonorréia
esclarecer,clarify,
fechar,clasp,fecho
classificar,classify,
limpar,clean,limpo
limpar,cleanse,
clarear,clear,claro
cerrar,clench,
clicar,click,clique
subir,climb,subida
rebitar,clinch,
tinir,clink,tinido
,clip,clipe
espancar,clobber,
,clock,relógio
entupir,clog,tamanco
clonar,clone,clone
fechar,close,perto
fechar,closet,armário
coagular,clot,coágulo
vestir,clothe,
enevoar,cloud,nuvem
cobrir,clout,pancada
unir se,club,clube
,clue,pista
aglomerar,cluster,cacho
agarrar,clutch,embreagem
disorganizar,clutter,desordem
,co-host,co-host
cooptar,co-opt,co-opt
coordenar,co-ordinate,
coestrelar,co-star,co-estrela
treinar,coach,treinador
cobrir,coat,casaco
persuadir,coax,
engodar,cobble,godo
,cock,galo
,cod,bacalhau
amimar,coddle,
codificar,code,código
codificar,codify,
coagir,coerce,
colapsar,collapse,colapso
coletar,collect,
colidir,collide,
colonizar,colonize,
colorir,color,cor
pentear,comb,pente
combater,combat,combate
combinar,combine,
confortar,comfort,conforto
comandar,command,comando
comandar,commandeer,
comemorar,commemorate,
começar,commence,
elogiar,commend,
comentar,comment,comentário
comercializar,commercialize,
cometer,commit,
comunicar,communicate,
comutar,commute,
comparar,compare,
compartimentar,compartmentalize,
,compassionate,compassivo
compensar,compensate,
compilar,compile,
complementar,complement,complemento
completar,complete,completo
complicar,complicate,
elogiar,compliment,elogio
comportar-se,comport,
compor,compose,
,compost,adubo
compor,compound,composto
compreender,comprehend,
comprimir,compress,
incluir,comprise,
ceder,compromise,compromisso
computar,compute,
informatizar,computerize,
esconder,conceal,
conceder,concede,
conceber,conceive,
concentrar,concentrate,
interessar,concern,interesse
concluir,conclude,
inventar,concoct,
condenar,condemn,
condensar,condense,
condicionar,condition,condição
perdoar,condone,
conduzir,conduct,conduta
conferir,confer,
confessar,confess,
confiar,confide,
configurar,configure,
confinar,confine,
confirmar,confirm,
confiscar,confiscate,
confundir,confound,
confrontar,confront,
confundir,confuse,
felicitar,congratulate,
conjurar,conjure,
conectar,connect,
conquistar,conquer,
recrutar,conscript,recruta
consagrar,consecrate,
conservar,conserve,
considerar,consider,
consignar,consign,
consolar,console,console
consolidar,consolidate,
constituir,constitute,
restringir,constrain,constranger
contrair,constrict,
construir,construct,
interpretar,construe,
consultar,consult,
consumir,consume,
consumar,consummate,
contactar,contact,contato
conter,contain,
contaminar,contaminate,
contemplar,contemplate,
contender,contend,
conter,content,conteúdo
disputar,contest,competição
continuar,continue,
contorcer,contort,
contratar,contract,contrato
contradizer,contradict,
contrastar,contrast,contraste
transgredir,contravene,
contribuir,contribute,
inventar,contrive,inventar
controlar,control,controle
convocar,convene,
converter,convert,
transmitir,convey,
condenar,convict,presidiário
convencer,convince,
convoluir,convolute,convoluto
cozinhar,cook,cozinheiro
resfriar,cool,legal
cooptar,coopt,
coordenar,coordinate,
copiar,copy,cópia
,copyright,direitos autorais
escantear,corner,canto
corrigir,correct,correto
correlacionar,correlate,
corroborar,corroborate,
corroer,corrode,
corromper,corrupt,corrupto
apoiar,cosponsor,cosponsor
custar,cost,custo
reclinar,couch,sofá
tossir,cough,tosse
aconselhar,counsel,conselho
contar,count,
enfrentar,countenance,semblante
contar,counter,contador
contrariar,counteract,
contrapesar,counterbalance,contrapeso
falsificar,counterfeit,falsificação
cortejar,court,tribunal
cobrir,cover,cobertura
cobiçar,covet,
acovardar,cow,vaca
abrir,crack,fenda
ninar,cradle,berço
fazer,craft,ofício
atochar,cram,empinar
,cramp,cãibra
produzir,crank,manivela
bater,crash,colisão
precisar,crave,implorar
,cream,creme
dobrar,crease,dobra
criar,create,
creditar,credit,crédito
cremar,cremate,
,crest,crista
criminalizar,criminalize,
franzir,crimp,franzido
aleijar,cripple,aleijado
encrostar,crisp,quebradiço
cruzar,criss-cross,cruzado
cruzar,crisscross,cruzam
criticar,criticise,
criticar,criticize,
criticar,critique,crítica
crochetar,crochet,crochê
sussurrar,croon,sussurro
colher,crop,colheita
atravessar,cross,
verificar,cross-check,verificação cruzada
apertar,crowd,multidão
coroar,crown,coroa
crucificar,crucify,
cruzar,cruise,cruzeiro
esmagar,crush,esmagamento
gritar,cry,grito
cristalizar,crystallize,
,cube,cubo
,cuff,canhão
dizimar,cull,refugo
culminar,culminate,
cultivar,cultivate,
,cup,copo
limitar,curb,meio-fio
curar,cure,cura
enrolar,curl,
amaldiçoar,curse,maldição
cercear,curtail,
amortecer,cushion,almofada
personalizar,customize,
cortar,cut,corte
reciclar,cycle,ciclo
,dab,bagatela
represar,dam,barragem
danificar,damage,dano
amaldiçoar,damn,maldição
umedecer,damp,úmido
amortecer,dampen,
dançar,dance,dança
pendurar,dangle,balançar
ousar,dare,
escurecer,darken,
danar,darn,danado
datar,date,data
emassar,daub,argamassa
assustar,daunt,
entorpecer,daze,torpor
desativar,deactivate,
amortecer,deaden,
tratar,deal,acordo
aviltar,debase,
debater,debate,debate
debilitar,debilitate,
interrogar,debrief,interrogue
debug,debug,depurar
desmerecer,debunk,
estreiar,debut,estréia
decapitar,decapitate,
enganar,deceive,
desacelerar,decelerate,
descentralizar,decentralize,
descertificar,decertify,decertify
decidir,decide,
dizimar,decimate,
decifrar,decipher,
decorar,deck,convés
declamar,declaim,
declarar,declare,
desclassificar,declassify,
declinar,decline,declínio
decodificar,decode,
decompor,decompose,
descontaminar,decontaminate,
decorar,decorate,
diminuir,decrease,
decretar,decree,decreto
descriminalizar,decriminalize,
desacreditar,decry,
dedicar,dedicate,
deduzir,deduce,
deduzir,deduct,subtrair
julgar,deem,
desenfatizar,deemphasize,deemphasize
fritar,deep-fry,
aprofundar,deepen,
desfigurar,deface,
difamar,defame,
derrotar,defeat,derrota
defender,defend,
adiar,defer,
sujar,defile,
definir,define,
desviar,deflect,
defraudar,defraud,
custear,defray,
descongelar,defrost,
desarmar,defuse,
desafiar,defy,
degradar,degrade,
desumanizar,dehumanize,
,deice,deice
deificar,deify,
atrasar,delay,atraso
delegar,delegate,delegado
deletar,delete,excluir
deliberar,deliberate,deliberado
delimitar,delimit,
delinear,delineate,
entregar,deliver,
iludir,delude,
inundar,deluge,dilúvio
demandar,demand,demanda
demarcar,demarcate,
aviltar,demean,
desmilitarizar,demilitarize,
desmobilizar,demobilize,
democratizar,democratize,
demolir,demolish,
endemoninhar,demonize,
demonstrar,demonstrate,
desmoralizar,demoralize,
rebaixar,demote,
desmistificar,demystify,
denegrir,denigrate,
denominar,denominate,
denotar,denote,
denunciar,denounce,
indentar,dent,dente
desnudar,denude,
negar,deny,
partir,depart,
retratar,depict,
esgotar,deplete,
deplorar,deplore,
implantar,deploy,
deportar,deport,
depor,depose,
depositar,deposit,depósito
depreciar,depreciate,
deprimir,depress,
privar,deprive,
deputar,deputize,
descarrilhar,derail,
desregulamentar,deregulate,
ridicularizar,deride,
derivar,derive,
descrever,describe,
profanar,desecrate,
desagregar,desegregate,
dessensibilizar,desensitize,
desertar,desert,deserto
merecer,deserve,
projetar,design,projeto
designar,designate,
desejar,desire,desejo
expedir,despatch,expedição
desprezar,despise,
desestabilizar,destabilize,
destruir,destroy,
separar,detach,
detalhar,detail,pormenor
deter,detain,
detectar,detect,descobrir
deter,deter,
determinar,determine,
detestar,detest,
destronar,dethrone,
detonar,detonate,
diminuir,detract,
desvalorizar,devaluate,
desvalorizar,devalue,
devastar,devastate,
desenvolver,develop,
desviar,deviate,
,devil,diabo
inventar,devise,
devotar,devote,dedicar
devorar,devour,
diagnosticar,diagnose,
picotar,dice,dados
ditar,dictate,
diferenciar,differentiate,
difundir,diffuse,
cavar,dig,
digerir,digest,
dignificar,dignify,
,dike,dique
dilapidar,dilapidate,
dilatar,dilate,
diluir,dilute,
escurecer,dim,
diminuir,diminish,
,dimple,covinha
mergulhar,dip,mergulho
direcionar,direct,direto
incapacitar,disable,
desavantajar,disadvantage,desvantagem
desaprovar,disallow,
desiludir,disappoint,
desaprovar,disapprove,
desarmar,disarm,
desmontar,disassemble,
repudiar,disavow,
debandar,disband,
expulsar,disbar,
descrer,disbelieve,
desembolsar,disburse,
descartar,discard,
discernir,discern,
descarregar,discharge,descarga
disciplinar,discipline,disciplina
renunciar,disclaim,
divulgar,disclose,
desconcertar,disconcert,
desligar,disconnect,
descontinuar,discontinue,
descontar,discount,desconto
desencorajar,discourage,
descobrir,discover,
desacreditar,discredit,
discutir,discuss,
desdenhar,disdain,desdém
desencantar,disenchant,
,disenfranchise,privar de direitos
desengatar,disengage,
desembaraçar,disentangle,
vomitar,disgorge,
desgraçar,disgrace,desgraça
disfarçar,disguise,
desgostar,disgust,desgosto
desanimar,dishearten,
desonrar,dishonor,desonra
desiludir,disillusion,desilusão
desinfetar,disinfect,
antipatizar,dislike,antipatia
desalojar,dislodge,
desmantelar,dismantle,
desanimar,dismay,desânimo
desmembrar,dismember,
demitir,dismiss,
desobedecer,disobey,
renegar,disown,
rebaixar,disparage,
expedir,dispatch,expedição
dissipar,dispel,
dispensar,dispense,
dispersar,disperse,
desanimar,dispirit,
deslocar,displace,
exibir,display,display
desgostar,displease,ofender
refutar,disprove,refutar
disputar,dispute,disputa
desqualificar,disqualify,
desprezar,disregard,desprezo
desrespeitar,disrespect,desrespeito
romper,disrupt,
dissecar,dissect,
disseminar,disseminate,
dissipar,dissipate,
dissociar,dissociate,
dissolver,dissolve,
dissuadir,dissuade,
distanciar,distance,distância
destilar,distil,
destilar,distill,
distinguir,distinguish,
distorcer,distort,
distrair,distract,
afligir,distress,aflição
distribuir,distribute,
desconfiar,distrust,desconfiança
perturbar,disturb,
,ditch,vala
diversificar,diversify,
desviar,divert,
despojar,divest,
dividir,divide,
adivinhar,divine,divino
divorciar,divorce,divórcio
divulgar,divulge,
tontear,dizzy,tonto
fazer,do,
atracar,dock,doca
documentar,document,documento
esquivar,dodge,
despir,doff,
,dog,cão
subsidiar,dole,subsídio
domesticar,domesticate,
dominar,dominate,
vestir,don,dom
doar,donate,
condenar,doom,condenação
drogar,dope,narcótico
dosar,dose,dose de
pontuar,dot,ponto
duplicar,double,duplo
reverificar,double-check,-verifique
duvidar,doubt,dúvida
apagar,douse,
encaixar,dovetail,
rebaixar,downgrade,rebaixamento
baixar,download,
minimizar,downplay,
reduzir,downsize,downsize
alistar,draft,rascunho
arrastar,drag,arrasto
drenar,drain,
dramatizar,dramatize,
drapear,drape,panejamento
desenhar,draw,
temer,dread,pavor
sonhar,dream,
dragar,dredge,draga
alagar,drench,poção
vestir,dress,vestido
babar,dribble,drible
furar,drill,broca
beber,drink,bebida
conduzir,drive,
garoar,drizzle,garoa
cair,drop,
afogar,drown,
surrar,drub,surra
drogar,drug,droga
secar,dry,seca
dublar,dub,dub
abaixar,duck,pato
aborrecer,dull,aborrecido
,dump,lixeira
ensopar,dunk,
,dupe,joguete
duplicar,duplicate,
desempoeirar,dust,poeira
,dwarf,anão
tingir,dye,corante
dinamitar,dynamite,dinamite
,eagle,águia
destinar,earmark,
ganhar,earn,
facilitar,ease,facilidade
comer,eat,
ecoar,echo,eco
eclipsar,eclipse,eclipse
economizar,economize,
beirar,edge,borda
editar,edit,
educar,educate,
efetuar,effect,efeito
ejetar,eject,
elaborar,elaborate,
acotovelar,elbow,cotovelo
eleger,elect,eleito
eletrificar,electrify,
eletrocutar,electrocute,
elevar,elevate,
extrair,elicit,
eliminar,eliminate,
elucidar,elucidate,
iludir,elude,
emancipar,emancipate,
emascular,emasculate,castrar
embalsamar,embalm,
embaraçar,embarrass,
embutir,embed,
defraudar,embezzle,
amargar,embitter,
,emblazon,emblazon
encarnar,embody,encarnam
encorajar,embolden,
,emboss,rimar
abraçar,embrace,
bordar,embroider,
enredar,embroil,
emitir,emit,Emit
,emote,fotografar
simpatizar,empathize,
enfatizar,emphasise,
enfatizar,emphasize,
empregar,employ,
autorizar,empower,
esvaziar,empty,vazio
emular,emulate,
permitir,enable,
decretar,enact,
encapsular,encapsulate,
encaixotar,encase,
encantar,enchant,
cercar,encircle,
codificar,encode,
envolver,encompass,
encontrar,encounter,encontro
encorajar,encourage,
criptografar,encrypt,
terminar,end,fim
,endanger,pôr em perigo
encarecer,endear,
endossar,endorse,
suportar,endure,
energizar,energize,
,enforce,fazer cumprir
engajar,engage,
engendrar,engender,
gravar,engrave,
ocupar,engross,
engolfar,engulf,
aumentar,enhance,
intimar,enjoin,
desfrutar,enjoy,
ampliar,enlarge,
iluminar,enlighten,
alistar,enlist,
animar,enliven,
enredar,enmesh,
enraivecer,enrage,
enriquecer,enrich,
inscrever,enrol,
inscrever,enroll,
abrigar,ensconce,
entesourar,enshrine,
escravizar,enslave,
garantir,ensure,
ocasionar,entail,
enredar,entangle,
entrar,enter,
entreter,entertain,
encantar,enthrall,
entronar,enthrone,empossar
seduzir,entice,
intitular,entitle,
sepultar,entomb,
entrincheirar,entrench,
confiar,entrust,
enumerar,enumerate,
enunciar,enunciate,
envolver,envelop,
prever,envisage,
envisionar,envision,visionar
invejar,envy,inveja
igualar,equal,igual
equalizar,equalize,
equiparar,equate,
equipar,equip,
erradicar,eradicate,
apagar,erase,
erigir,erect,
corroer,erode,
escalar,escalate,
escapar,escape,fuga
evitar,eschew,
escoltar,escort,escolta
esposar,espouse,
estabelecer,establish,
estimar,esteem,estima
estimar,estimate,estimativa
,etch,etch
eulogizar,eulogize,elogiar
evacuar,evacuate,
evadir,evade,
avaliar,evaluate,
evaporar,evaporate,
equacionar,even,mesmo
desalojar,evict,
evidenciar,evidence,evidência
,evince,Evince
eviscerar,eviscerate,
evocar,evoke,
desenvolver,evolve,
exacerbar,exacerbate,
extrair,exact,exato
exagerar,exaggerate,
exaltar,exalt,
examinar,examine,
exasperar,exasperate,
escavar,excavate,
exceder,exceed,
trocar,exchange,troca
,excise,imposto
excitar,excite,
exclamar,exclaim,
excluir,exclude,
excomungar,excommunicate,excomungado
escoriar,excoriate,
excretar,excrete,
excruciar,excruciate,
desculpar,excuse,desculpa
executar,execute,
exemplificar,exemplify,
isentar,exempt,isento
exercitar,exercise,exercício
exercer,exert,
exalar,exhale,
exaurir,exhaust,escape
exibir,exhibit,exposição
animar,exhilarate,
exortar,exhort,
exumar,exhume,
exilar,exile,exílio
sair,exit,saída
exonerar,exonerate,
expandir,expand,
expatriar,expatriate,expatriado
esperar,expect,
expedir,expedite,
expelir,expel,
despender,expend,
experimentar,experience,experiência
explicar,explain,
explicar,explicate,
explodir,explode,
explorar,exploit,
explorar,explore,
exportar,export,exportação
expor,expose,
expor,expound,
expressar,express,
expropriar,expropriate,
expurgar,expunge,
estender,extend,
exterminar,exterminate,
extinguir,extinguish,
extorquir,extort,
extrair,extract,extrato
extraditar,extradite,
extrapolar,extrapolate,
desenredar,extricate,
olhar,eye,olho
fabricar,fabricate,
enfrentar,face,face
facilitar,facilitate,
falhar,fail,
falsificar,fake,falsificação
cair,fall,
falsificar,falsify,
vacilar,falter,
familiarizar,familiarize,
abanar,fan,ventilador
querer,fancy,fantasia
fantasiar,fantasize,
cultivar,farm,fazenda
fascinar,fascinate,
modificar,fashion,moda
prender,fasten,
gerar,father,pai
,fathom,braça
cansar,fatigue,fadiga
engordar,fatten,
falhar,fault,falha
favorecer,favor,
favorecer,favour,
perturbar,faze,
temer,fear,medo
festejar,feast,festa
apresentar,feature,característica
federalizar,federalize,
alimentar,feed,alimentação
sentir,feel,
fingir,feign,
cortar,fell,caiu
cercar,fence,cerca
carregar,ferry,balsa
fertilizar,fertilize,
festonar,festoon,festão
buscar,fetch,
fictionalizar,fictionalize,fictionalize
defender,field,campo
lutar,fight,luta
figurar,figure,figura
larapiar,filch,larápio
arquivar,file,arquivo
preencher,fill,
filetar,fillet,filé
filmar,film,filme
filtrar,filter,filtro
finalizar,finalise,
finalizar,finalize,
financiar,finance,finança
encontrar,find,
multar,fine,multa
afinar,fine-tune,
,fingerprint,impressão digital
acabar,finish,acabamento
atirar,fire,fogo
,firebomb,bomba incendiária
firmar,firm,empresa
pescar,fish,peixe
caber,fit,
fixar,fix,
mangar,flail,mangual
despedaçar,flake,floco
flamejar,flame,chama
flanquear,flank,flanco
bater,flap,aba
,flash,flash
achatar,flatten,
alisar,flatter,alisador
saborear,flavor,sabor
empenar,fledge,
fugir,flee,
tosquiar,fleece,velo
estalar,flick,estalido
voar,flight,vôo
arremeter,fling,arremesso
virar,flip,
flutuar,float,flutuador
açoitar,flog,
inundar,flood,inundação
esfarinhar,flour,farinha
florescer,flourish,
desprezar,flout,
,flub,flub
,fluff,buço
confundir,flummox,
perder,flunk,Flunk- nao completar
ruborizar,flush,rubor
perturbar,fluster,
palpitar,flutter,palpitação
voar,fly,
focar,focus,foco
enevoar,fog,nevoeiro
impedir,foil,florete
impingir,foist,
dobrar,fold,
seguir,follow,
fomentar,foment,
acariciar,fondle,
enganar,fool,
proibir,forbid,
forçar,force,força
,force-feed,alimentar à força
prever,forecast,previsão
impedir,foreclose,
renunciar,forego,
prever,foresee,
prefigurar,foreshadow,
prevenir,forestall,
prevenir,forewarn,
multar,forfeit,multa
forjar,forge,
esquecer,forget,
perdoar,forgive,
renunciar,forgo,
formar,form,forma
formalizar,formalize,
formatar,format,formato
formular,formulate,
abandonar,forsake,
renegar,forswear,
fortificar,fortify,
avançar,forward,para a frente
fossilizar,fossilize,
adotar,foster,adotivo
falhar,foul,falta
fundar,found,encontrado
fraturar,fracture,fratura
enquadrar,frame,quadro
franquiar,franchise,franquia
brigar,fray,briga
liberar,free,livre
congelar,freeze,
frequentar,frequent,freqüente
refrescar,freshen,
preocupar,fret,traste
assustar,frighten,
desperdiçar,fritter,fritura
frustrar,frustrate,
fritar,fry,
confundir,fudge,lorota
alimentar,fuel,combustível
cumprir,fulfil,
cumprir,fulfill,
confundir,fumble,inépcia
fumigar,fumigate,
fundar,fund,fund
afunilar,funnel,funil
licenciar,furlough,licença
fornecer,furnish,
sulcar,furrow,sulco
aprofundar,further,mais
fundir,fuse,fusível
amordaçar,gag,mordaça
ganhar,gain,
,gall,fel
galopar,gallop,galope
galvanizar,galvanize,
adulterar,garble,
vestir,garment,vestuário
recolher,garner,celeiro
enfeitar,garnish,enfeite
reunir,gather,
medir,gauge,bitola
gazetear,gazette,gazeta
engrenar,gear,engrenagem
generalizar,generalize,
gerar,generate,
obter,get,
zombar,gird,
dar,give,
glamorizar,glamorize,elogiar
esmaltar,glaze,esmalte
respigar,glean,
deslizar,glide,deslizam
vislumbrar,glimpse,vislumbre
glorificar,glorify,
glossar,gloss,gloss
colar,glue,cola
ranger,gnash,
roer,gnaw,
incentivar,goad,incentivo
devorar,gobble,
governar,govern,
agarrar,grab,garra
agraciar,grace,graça
corrigir,grade,grau
graduar,graduate,diplomado
enxertar,graft,enxerto
conceder,grant,concessão
grafar,graph,gráfico
compreender,grasp,compreensão
irritar,grate,grelha
gratificar,gratify,
acinzentar,gray,cinza
pastar,graze,
engraxar,grease,graxa
cumprimentar,greet,
afligir,grieve,afligir
grelhar,grill,grelha
moer,grind,moagem
apertar,grip,aperto
reclamar,groin,virilha
arrumar,groom,noivo
enojar,gross,bruto
moer,ground,terreno
agrupar,group,grupo
crescer,grow,
garantir,guarantee,garantia
guardar,guard,guarda
adivinhar,guess,
orientar,guide,
engolir,gulp,gole
gomar,gum,goma
destripar,gut,intestino
beber,guzzle,bebedeira
girar,gyrate,
picaretar,hack,picareta
saudar,hail,granizo
parar,halt,parada
,halve,reduzir a metade
,ham,presunto
martelar,hammer,martelo
dificultar,hamper,
jarretar,hamstring,
manipular,hand,mão
algemar,handcuff,
manusear,handle,
pendurar,hang,declive
arengar,harangue,arenga
molestar,harass,
proteger,harbor,porto
proteger,harbour,porto
endurecer,harden,
danificar,harm,dano
harmonizar,harmonize,
arrear,harness,arreios
,harrow,grade
colher,harvest,colheita
,hash,Hash
aborrecer,hassle,aborrecimento
apressar,hasten,
planejar,hatch,escotilha
odiar,hate,ódio
fretar,haul,arrastamento
assombrar,haunt,
ter,have,
,hawk,falcão
enevoar,haze,neblina
cabecear,head,cabeça
,headline,manchete
curar,heal,
amontoar,heap,montão
ouvir,hear,
animar,hearten,
aquecer,heat,calor
suspirar,heave,suspiro
vaiar,heckle,espadelar
,hector,hector
suavizar,hedge,cerca viva
atentar,heed,atenção
,heel,calcanhar
aumentar,heighten,
ajudar,help,
anunciar,herald,arauto
arrebanhar,herd,rebanho
esconder,hide,
enfatizar,highlight,ponto alto
sequestrar,hijack,hijack
marchar,hike,marcha
impedir,hinder,
sugerir,hint,sugestão
contratar,hire,
acertar,hit,
esconder,hoard,tesouro escondido
mancar,hobble,
,hoe,enxada
guinchar,hoist,guincho
segurar,hold,
esburacar,hole,buraco
,hollow,oco
afiar,hone,
,honey,mel
buzinar,honk,buzina
honrar,honor,honra
honrar,honour,honra
,hood,capô
enganar,hoodwink,
enganchar,hook,gancho
pular,hoop,aro
pular,hop,hop
buzinar,horn,chifre
horrorizar,horrify,
inundar,hose,mangueira
hospitalizar,hospitalize,
hospedar,host,hospedeiro
caçar,hound,cão de caça
acomodar,house,casa
pairar,hover,
xingar,huff,
abraçar,hug,abraço
zumbir,hum,zumbido
humanizar,humanize,
humilhar,humiliate,
caçar,hunt,
,hurdle,obstáculo
arremessar,hurl,
apressar,hurry,
doer,hurt,
chocar,hurtle,
silenciar,hush,silêncio
esbarrar,hustle,encontrão
hidratar,hydrate,hidrato
idealizar,idealize,
identificar,identify,
idolatrar,idolize,
inflamar,ignite,
ignorar,ignore,
iluminar,illuminate,
ilustrar,illustrate,
imaginar,imagine,
absorver,imbibe,
imitar,imitate,
imergir,immerse,
imolar,immolate,
imunizar,immunize,
impactar,impact,impacto
prejudicar,impair,
empalar,impale,
transmitir,impart,
acusar,impeach,
impedir,impede,
,imperil,pôr em perigo
implantar,implant,
implementar,implement,implemento
implicar,implicate,
implicar,imply,
importar,import,importação
impor,impose,
encerrar,impound,
empobrecer,impoverish,
impregnar,impregnate,
impressionar,impress,
aprisionar,imprison,
melhorar,improve,
improvisar,improvise,
impugnar,impugn,
inativar,inactivate,
inaugurar,inaugurate,
incapacitar,incapacitate,
encarcerar,incarcerate,
enfurecer,incense,incenso
incinerar,incinerate,
incitar,incite,
inclinar,incline,inclinação
incluir,include,
atrapalhar,inconvenience,inconveniente
incorporar,incorporate,
aumentar,increase,
incriminar,incriminate,
incubar,incubate,
inculcar,inculcate,
incorrer,incur,
indenizar,indemnify,
indexar,index,índice
indicar,indicate,
acusar,indict,
individualizar,individualize,
doutrinar,indoctrinate,
induzir,induce,
indulgir,indulge,saciar
industrializar,industrialize,
infectar,infect,
inferir,infer,
infestar,infest,
infiltrar,infiltrate,
inflamar,inflame,
inflar,inflate,
infligir,inflict,
influenciar,influence,influência
informar,inform,
infringir,infringe,
enfurecer,infuriate,
infundir,infuse,
ingerir,ingest,
,ingratiate,congraçar
habitar,inhabit,
inalar,inhale,
herdar,inherit,
inibir,inhibit,
iniciar,initiate,
injetar,inject,
ferir,injure,
pintar,ink,tinta
encrustar,inlay,inlay
inovar,innovate,
inocular,inoculate,
inscrever,inscribe,
inserir,insert,
insistir,insist,
inspecionar,inspect,
inspirar,inspire,
instalar,install,
instigar,instigate,
instilar,instil,
instilar,instill,
instituir,institute,instituto
institucionalizar,institutionalize,
instruir,instruct,
isolar,insulate,
insultar,insult,insulto
segurar,insure,garantir
integrar,integrate,
pretender,intend,
intensificar,intensify,
interceptar,intercept,
interconectar,interconnect,interconnect
interditar,interdict,interdito
interessar,interest,interesse
lançar,interject,
engrenar,interlock,
internalizar,internalize,
internacionalizar,internationalize,
interpretar,interpret,
interrogar,interrogate,
interromper,interrupt,
entrelaçar,intertwine,
entrevistar,interview,
entrelaçar,interweave,
intimidar,intimidate,
entoar,intone,
intrigar,intrigue,intriga
introduzir,introduce,
inundar,inundate,
invadir,invade,
invalidar,invalidate,
inventar,invent,
investir,invest,
investigar,investigate,
revigorar,invigorate,
convidar,invite,
invocar,invoke,
envolver,involve,
iodar,iodize,
aborrecer,irk,
passar,iron,ferro
irradiar,irradiate,
irrigar,irrigate,
irritar,irritate,
isolar,isolate,
emitir,issue,questão
coçar,itch,coceira
pormenorizar,itemize,
socar,jab,soco
,jade,jade
emprisonar,jail,prisão
congestionar,jam,congestionamento
envazar,jar,jarro
,jeopardize,pôr em perigo
,jerk,idiota
balançar,jiggle,agitar levemente
abandonar,jilt,dar o fora em
agourar,jinx,mau agouro
,jockey,jóquei
,jog,jog
juntar,join,
saltar,jolt,sobressalto
sacolejar,jostle,jostle
anotar,jot,coisa mínima
viajar,journey,jornada
julgar,judge,juiz
,juggle,malabarismo
pular,jump,salto
,jumpstart,JumpStart
lixar,junk,junco
justificar,justify,
justapor,juxtapose,
manter,keep,
,key,chave
chutar,kick,pontapé
brincar,kid,criança
raptar,kidnap,
matar,kill,
acender,kindle,
beijar,kiss,beijo
amassar,knead,
tricotar,knit,
bater,knock,
saber,know,
etiquetar,label,etiqueta
enredar,lace,renda
faltar,lack,falta
,ladle,concha
atrasar,lag,atraso
desancar,lambast,
espancar,lambaste,
coxear,lame,coxo
lamentar,lament,lamento
pasquinar,lampoon,pasquim
aterrar,land,terra
beber,lap,colo
chicotear,lash,chicote
durar,last,último
louvar,laud,
rir,laugh,risada
lançar,launch,lançamento
lavar,launder,
prodigalizar,lavish,pródigo
colocar,lay,
,layer,camada
conduzir,lead,
ligar,league,liga
vazar,leak,vazamento
inclinar,lean,
aprender,learn,
arrendar,lease,arrendamento
deixar,leave,
legalizar,legalize,
legislar,legislate,
legitimar,legitimate,legítimo
emprestar,lend,
alongar,lengthen,
diminuir,lessen,
deixar,let,
nivelar,level,nível
influenciar,leverage,influência
levitar,levitate,
arrecadar,levy,arrecadação
difamar,libel,difamação
liberalizar,liberalise,
liberalizar,liberalize,
liberar,liberate,libertar
licenciar,license,licença
lamber,lick,lambida
elevar,lift,elevador
iluminar,light,luz
iluminar,lighten,
gostar,like,como
assemelhar,liken,
limar,lime,lima
limitar,limit,limite
retratar,limn,
alinhar,line,linha
ligar,link,link
,lionize,visitar lugares interessantes
liquidar,liquidate,
listar,list,lista
litigar,litigate,
sujar,litter,ninhada
viver,live,
animar,liven,
carregar,load,carga
emprestar,loan,empréstimo
detestar,loathe,
,lob,bola alta
advogar,lobby,entrada
localizar,localize,
localizar,locate,
travar,lock,
alojar,lodge,alojamento
,loft,sótão
registrar,log,log
enlaçar,loop,laço
afrouxar,loosen,
saquear,loot,saque
esgalhar,lop,
perder,lose,
amar,love,amor
,lowball,lowball
baixar,lower,
lubrificar,lubricate,
carregar,lug,ressalto
acalmar,lull,calmaria
aglomerar,lump,protuberância
atrair,lure,isca
espreitar,lurk,
cobiçar,lust,luxúria
linchar,lynch,
enlouquecer,madden,
ampliar,magnify,
enviar,mail,correio
mutilar,maim,
manter,maintain,
fazer,make,
malignar,malign,maligno
ocupar,man,homem
gerir,manage,
manobrar,maneuver,manobra
,mangle,calandra
maltratar,manhandle,
manicurar,manicure,manicure
manifestar,manifest,manifesto
manipular,manipulate,
fabricar,manufacture,fabricação
mapear,map,mapa
estragar,mar,
marchar,march,marcha
marinar,marinate,
marcar,mark,marca
comerciar,market,mercado
,maroon,marrom
casar,marry,
comandar,marshal,marechal
martirizar,martyr,mártir
esmagar,mash,purê de batatas
mascarar,mask,
,mass,massa
,mass-produce,produzir em massa
massacrar,massacre,massacre
massagear,massage,massagem
aprender,master,mestre
planejar,mastermind,mentor
combinar,match,fósforo
acasalar,mate,companheiro
destruir,maul,malho
maximizar,maximize,
significar,mean,
medir,measure,
medicar,medicate,
meditar,meditate,
atender,meet,
fundir,meld,
derreter,melt,
decorar,memorialize,
memorizar,memorize,
ameaçar,menace,ameaça
consertar,mend,
mencionar,mention,
comerciar,merchandise,mercadoria
fundir,merge,
merecer,merit,mérito
bagunçar,mess,bagunça
metabolizar,metabolize,
medir,meter,metro
militarizar,militarize,
extrair,milk,leite
moer,mill,moinho
imitar,mimic,
picar,mince,
cuidar,mind,mente
minerar,mine,mina
miniaturizar,miniaturize,
minimizar,minimise,
minimizar,minimize,
,minute,minuto
atolar,mire,lamaçal
espelhar,mirror,espelho
,misappropriate,apropriar-se indevidamente
,miscalculate,calcular mal
,misconstrue,interpretar mal
,misdirect,desorientar
maltratar,mishandle,
,misinterpret,interpretar mal
subestimar,misjudge,
enganar,mislead,
deturpar,misrepresent,
perder,miss,senhorita
,misspell,cometer erros de ortografia
malbaratar,misspend,
deturpar,misstate,
enevoar,mist,névoa
errar,mistake,erro
maltratar,mistreat,
desconfiar,mistrust,desconfiança
,misunderstand,entender mal
abusar,misuse,abuso
mitigar,mitigate,
misturar,mix,
mobilizar,mobilise,
mobilizar,mobilize,
simular,mock,simulado
moderar,moderate,moderado
modernizar,modernize,
modificar,modify,
umedecer,moisten,
molestar,molest,
aplacar,mollify,
,monger,traficante
monitorar,monitor,monitor
monopolizar,monopolize,
exibir,moon,lua
atracar,moor,charneca
esfregar,mop,esfregão
hipotecar,mortgage,hipoteca
,mothball,naftalina
motivar,motivate,
motorizar,motorize,
montar,mound,monte
montar,mount,monte
mudar,move,mudança
cortar,mow,
atrapalhar,muddle,trapalhada
enlamear,muddy,lamacento
,muff,regalo
assaltar,mug,caneca
,mulch,mulch
ponderar,mull,
multiplicar,multiply,
resmungar,mumble,
mastigar,munch,munch
assassinar,murder,assassinato
murmurar,murmur,murmúrio
reunir,muster,
mutar,mutate,
emudecer,mute,mudo
mutilar,mutilate,
murmurar,mutter,murmúrio
afocinhar,muzzle,focinho
mistificar,mystify,
mitificar,mythologize,
prender,nab,
pentelhar,nag,cavalo
pregar,nail,prego
nomear,name,nome
estreitar,narrow,estreito
nacionalizar,nationalize,
naturalizar,naturalize,
enjoar,nauseate,
navegar,navigate,
aproximar,near,perto
necessitar,necessitate,
precisar,need,necessidade
,needle,agulha
negar,negate,
negligenciar,neglect,negligência
negociar,negotiate,
bordejar,neighbor,vizinho
,neighbour,vizinho
aninhar,nest,ninho
,nett,nett
,network,rede
neutralizar,neutralize,
mordiscar,nibble,mordidela
entalhar,nick,entalhe
beliscar,nip,beliscão
acenar,nod,aceno com a cabeça
nomear,nominate,
normalizar,normalize,
marcar,notch,entalhe
notar,note,nota
notar,notice,aviso
notificar,notify,
nutrir,nourish,
cutucar,nudge,cutucada
destruir,nuke,Nuke
anular,nullify,
entorpecer,numb,entorpecido
enumerar,number,número
tratar,nurse,enfermeira
nutrir,nurture,
,nuzzle,fossar
obedecer,obey,
objetar,object,objeto
obliterar,obliterate,
obscurecer,obscure,obscuro
observar,observe,
obstruir,obstruct,
obter,obtain,
,obviate,prevenir
ocupar,occupy,
ocorrer,occur,
descarregar,off-load,desembarcar
ofender,offend,
ofertar,offer,oferta
oficiar,officiate,
descarregar,offload,offload
compensar,offset,
,ogle,olhar amoroso
olear,oil,óleo
concordar,okay,ok
omitir,omit,
abrir,open,aberto
operar,operate,
opor,oppose,
oprimir,oppress,
otimizar,optimize,
orquestrar,orchestrate,
ordenar,ordain,
ordenar,order,ordem
organizar,organise,
organizar,organize,
orientar,orient,
ornamentar,ornament,ornamento
,orphan,órfão
ostracizar,ostracize,banir
expulsar,oust,
ultrapassar,outclass,
sobrepujar,outdo,
equipar,outfit,equipamento
flanquear,outflank,
,outfox,flanquear
superar,outgrow,
,outlast,durar mais que
proscrever,outlaw,
esboçar,outline,esboço
enrolar,outmaneuver,passar a perna em
,outnumber,ultrapassar em número
ultrapassar,outpace,
,outperform,outperform
,outplay,jogar melhor que
,outpoint,marcar mais pontos que
ultrajar,outrage,ultraje
ultrapassar,outrun,
,outscore,outscore
,outsmart,ser mais esperto que
terceirizar,outsource,
ultrapassar,outstrip,
prevalecer,outweigh,
despistar,outwit,
,overarch,formar arco por cima de
,overbuild,construir em demasia
sobrecarregar,overburden,
sobretaxar,overcharge,sobrecarga
superar,overcome,
,overcook,cozinhar demais
sobrecarregar,overcrowd,
exagerar,overdo,
extenuar,overdrive,
exagerar,overemphasize,exagerar
superestimar,overestimate,exagerar
sobrevoar,overfly,
vistoriar,overhaul,vistoria
,overhear,ouvir por acaso
superaquecer,overheat,
sobrecarregar,overload,sobrecarga
negligenciar,overlook,
,overpay,pagar excessivamente
dominar,overpower,
,overprice,sobrepreço
superproduzir,overproduce,produzir demasiadamante
,overrate,confiar demasiado em
enganar,overreach,
,override,override
anular,overrule,
invadir,overrun,
vigiar,oversee,
exagerar,oversell,
ofuscar,overshadow,
ultrapassar,overshoot,
simplificar,oversimplify,
,overspend,gastar demais
exagerar,overstate,
exceder,overstep,
,oversupply,excesso de oferta
ultrapassar,overtake,
derrubar,overthrow,derrubada
derrotar,overturn,derrubar
,overuse,usar demais
supervalorizar,overvalue,
oprimir,overwhelm,
,overwork,excesso de trabalho
sobrescrever,overwrite,
dever,owe,
possuir,own,próprio
oxigenar,oxygenate,
,pace,passo
pacificar,pacify,
empacotar,pack,pacote
empacotar,package,pacote
rechear,pad,almofada
remar,paddle,pá
trancar,padlock,cadeado
paginar,page,página
pintar,paint,
emparelhar,pair,par
deleitar,pamper,
,pan,pan
garimpar,panhandle,cabo de caçarola
apavorar,panic,pânico
arfar,pant,
desfilar,parade,desfile
paralelizar,parallel,paralelo
paralisar,paralyze,
parafrasear,paraphrase,
parcelar,parcel,parcela
tostar,parch,
perdoar,pardon,perdão
aparar,pare,
estacionar,park,parque
apostar,parlay,
parodiar,parody,paródia
,parole,palavra de honra
papagaiar,parrot,papagaio
defender,parry,defesa
analisar,parse,
participar,participate,
dividir,partition,divisória
passar,pass,
colar,paste,pasta
pasteurizar,pasteurize,
,pat,palmadinha
remendar,patch,remendo
,patent,patente
patrulhar,patrol,patrulha
apadrinhar,patronize,
pavimentar,pave,
pagar,pay,
pedalar,pedal,pedal
vender,peddle,
descascar,peel,casca
pendurar,peg,cavilha
atirar,pelt,couro
escrever,pen,caneta
penalizar,penalize,
penetrar,penetrate,
povoar,people,pessoas
apimentar,pepper,pimenta
perceber,perceive,
coar,percolate,
aperfeiçoar,perfect,perfeito
realizar,perform,
perfumar,perfume,perfume
permear,permeate,
permitir,permit,autorização
perpetrar,perpetrate,
perpetuar,perpetuate,
confundir,perplex,enlear
perseguir,persecute,
personalizar,personalize,
persuadir,persuade,
pertencer,pertain,
folhear,peruse,
impregnar,pervade,
perverter,pervert,
importunar,pester,
acariciar,pet,animal de estimação
peticionar,petition,petição
flertar,philander,
telefonar,phone,telefone
fotografar,photograph,fotografia
escolher,pick,
piquetar,picket,piquete
conservar,pickle,conserva
,picture,quadro
juntar,piece,peça
perfurar,pierce,
classificar,pigeonhole,
empilhar,pile,pilha
abafar,pilfer,
pilhar,pillage,pilhagem
,pillory,pelourinho
pilotar,pilot,piloto
pregar,pin,pino
beliscar,pinch,
picotar,pink,rosa
apontar,pinpoint,
pioneirar,pioneer,pioneiro
entubar,pipe,tubo
piratear,pirate,pirata
,pistol-whip,pistola-chicote
cavar,pit,cova
vender,pitch,passo
,pity,ter pena nao penar
articular,pivot,articulação
aplacar,placate,
localizar,place,lugar
plagiar,plagiarize,
atazanar,plague,praga
,plain,planície
planejar,plan,plano
plantar,plant,planta
engessar,plaster,gesso
,plat,canteiro
jogar,play,
agradar,please,por favor
plissar,pleat,plissado
conspirar,plot,enredo
arar,plough,arado
arar,plow,arado
,pluck,coragem
plugar,plug,plugue
pilhar,plunder,pilhagem
mergulhar,plunge,mergulho
,plunk,pancada
dobrar,ply,dobra
,poach,escalfar
embolsar,pocket,bolso
apontar,point,ponto
envenenar,poison,veneno
cotovelar,poke,cotovelada
polarizar,polarize,
policiar,police,polícia
politizar,politicize,
,poll,votação
polinizar,pollinate,
poluir,pollute,
ponderar,ponder,
desfazer,pooh-pooh,pooh-pooh
reunir,pool,piscina
estourar,pop,estouro
popularizar,popularize,
povoar,populate,
portar,port,porto
pressagiar,portend,
retratar,portray,
posar,pose,
decidir,posit,posit
posicionar,position,posição
possuir,possess,
empossar,post,cargo
adiar,postpone,
postular,postulate,postulado
envazar,pot,pote
bater,pound,libra
derramar,pour,
pulverizar,powder,pó
alimentar,power,poder
praticar,practice,prática
praticar,practise,prática
louvar,praise,louvor
orar,pray,
antecipar,pre-empt,obter por preempção
preceder,precede,
precipitar,precipitate,
impedir,preclude,
predizer,predict,
antecipar,preempt,
prefaciar,preface,prefácio
preferir,prefer,
prefixar,prefix,prefixo
preaquecer,preheat,de pré-aquecimento
prejulgar,prejudge,julgar antecipadamente
prejudicar,prejudice,prejuízo
estrear,premiere,estréia
preocupar,preoccupy,
preparar,prepare,
pressagiar,presage,presságio
prescrever,prescribe,
apresentar,present,presente
preservar,preserve,
imprimir,press,imprensa
pressionar,pressure,pressão
presumir,presume,
prevenir,prevent,
visualizar,preview,visualização
apreçar,price,preo
picar,prick,picar
preparar,prime,primordial
imprimir,print,impressão
priorizar,prioritize,
privatizar,privatize,
apreciar,prize,prêmio
sondar,probe,sonda
processar,process,processo
proclamar,proclaim,
adquirir,procure,
estimular,prod,estímulo
produzir,produce,
professar,profess,
,profile,perfil
programar,program,programa
programar,programme,programa
proibir,prohibit,
projetar,project,projeto
prolongar,prolong,
prometer,promise,promessa
promover,promote,
indicar,prompt,imediato
promulgar,promulgate,
escorar,prop,
propagar,propagate,
impulsionar,propel,
propor,propose,
propor,propound,
proscrever,proscribe,
processar,prosecute,
prostituir,prostitute,prostituta
prostrar,prostrate,
proteger,protect,
protestar,protest,protesto
prototipar,prototype,protótipo
provar,prove,
fornecer,provide,
provocar,provoke,
podar,prune,ameixa seca
alavancar,pry,alavanca
divulgar,publicize,
publicar,publish,
soprar,puff,sopro
puxar,pull,puxe
pulverizar,pulverize,
socar,pummel,agredir a soco
bombear,pump,bomba
perfurar,punch,
puncturar,puncture,punção
punir,punish,
,punt,barco de fundo chato
comprar,purchase,compra
purgar,purge,purga
purificar,purify,
,purse,bolsa
perseguir,pursue,
empurrar,push,empurre
colocar,put,
bater,putt,bater levemente
confundir,puzzle,quebra-cabeças
quadruplicar,quadruple,quádruplo
beber,quaff,beber em grandes goles
qualificar,qualify,
quantificar,quantify,
,quarantine,quarentena
anular,quash,
reprimir,quell,
,quench,resfriar
perguntar,query,pergunta
questionar,question,pergunta
acelerar,quicken,
acalmar,quiet,calma
desistir,quit,
interrogar,quiz,problema
citar,quote,citação
correr,race,corrida
emprateleirar,rack,prateleira
irradiar,radiate,
,radio,rádio
,raft,jangada
retalhar,rag,trapo
atacar,raid,incursão
,railroad,ferrovia
levantar,raise,
,rake,ancinho
congregar,rally,rali
atacar,ram,rAM
classificar,rank,categoria
irritar-se,rankle,
revistar,ransack,
bater,rap,batida
estuprar,rape,estupro
taxar,rate,taxa
ratificar,ratify,
racionar,ration,ração
racionalizar,rationalize,
chocalhar,rattle,chocalho
devastar,ravage,
violentar,ravish,
arrasar,raze,
recriar,re-create,
reentrar,re-enter,
reavaliar,re-evaluate,
reacender,re-ignite,
reler,re-read,
alcançar,reach,
reconhecer,reacquaint,reacquaint
reativar,reactivate,
ler,read,
reajustar,readjust,
readmitir,readmit,
finalizar,ready,pronto
reafirmar,reaffirm,
realinhar,realign,
perceber,realise,
perceber,realize,
realocar,reallocate,
colher,reap,
,rear,traseiro
,rear-end,traseira
rearmar,rearm,
rearranjar,rearrange,
raciocinar,reason,razão
remontar,reassemble,
reafirmar,reassert,
reavaliar,reassess,
redesignar,reassign,
reassegurar,reassure,
despertar,reawaken,despertar
descontar,rebate,desconto
religar,rebind,
reinicializar,reboot,reinicialização
retransmitir,rebroadcast,retransmissão
rejeitar,rebuff,repulsa
reconstruir,rebuild,
repelir,rebuke,repreensão
refutar,rebut,
recalcular,recalculate,
recordar,recall,recordação
retratar-se,recant,
recapitular,recap,recapitulação
recapturar,recapture,
reformular,recast,reformulação
receder,recede,recuar
receber,receive,
receder,recess,recesso
recarregar,recharge,
reverificar,recheck,verifique novamente
recitar,recite,
recontar,reckon,contar
recuperar,reclaim,
reconhecer,recognise,
reconhecer,recognize,
lembrar,recollect,
recomendar,recommend,
comprometer,recommit,comprometerem
reconciliar,reconcile,conciliar
reconfigurar,reconfigure,
reconfirmar,reconfirm,
reconsiderar,reconsider,
reconstituir,reconstitute,
reconstruir,reconstruct,
registrar,record,registro
recontar,recount,recontagem
reaver,recoup,conservar
recuperar,recover,
recrear,recreate,
recrutar,recruit,
retificar,rectify,
recusar,recuse,recuse
reciclar,recycle,
redecorar,redecorate,
rededicar,rededicate,rededicate
redimir,redeem,
redefinir,redefine,
reimplantar,redeploy,
redesenhar,redesign,
reconstruir,redevelop,
redirecionar,redirect,
redescobrir,rediscover,
redistribuir,redistribute,
,redline,redline
refazer,redo,
redobrar,redouble,
redesenhar,redraw,
reparar,redress,reparação
reduzir,reduce,
,reel,carretel
reeleger,reelect,
reencenar,reenact,
restabelecer,reestablish,
reavaliar,reevaluate,
reexaminar,reexamine,
remodelar,refashion,
referir,refer,
arbitrar,referee,árbitro
encher,refill,refill
refinanciar,refinance,
refinar,refine,
reaparelhar,refit,
refletir,reflect,
reorientar,refocus,
reformar,reform,reforma
reformatar,reformat,
reformular,reformulate,
refrigerar,refrigerate,
reabastecer,refuel,
reembolsar,refund,reembolso
renovar,refurbish,
recusar,refuse,
refutar,refute,
recuperar,regain,
deliciar,regale,
considerar,regard,consideração
regenerar,regenerate,
registrar,register,
lamentar,regret,
reagrupar,regroup,
regularizar,regularize,
regular,regulate,
reabilitar,rehabilitate,
refazer,rehash,nova versão
reouvir,rehear,rehear
ensaiar,rehearse,
reaquecer,reheat,
reacender,reignite,
reembolsar,reimburse,
controlar,rein,rédea
reforçar,reinforce,
reinstalar,reinstall,
restabelecer,reinstate,
reintegrar,reintegrate,
reinterpretar,reinterpret,
reintroduzir,reintroduce,
reinventar,reinvent,
revigorar,reinvigorate,
reeditar,reissue,
reiterar,reiterate,
rejeitar,reject,
reingressar,rejoin,
rejuvenescer,rejuvenate,
reacender,rekindle,
relacionar,relate,
relançar,relaunch,relançamento
relaxar,relax,
transmitir,relay,relé
reaprender,relearn,
lançar,release,lançamento
aliviar,relieve,
abandonar,relinquish,
saborear,relish,
reviver,relive,
recarregar,reload,
permanecer,remain,
refazer,remake,
deter,remand,detido
observar,remark,observação
recasar,remarry,casar novamente
remediar,remedy,remédio
lembrar,remember,
lembrar,remind,
remeter,remit,
remodelar,remodel,
reformar,remold,remold
remover,remove,
rasgar,rend,
tornar,render,
renegociar,renegotiate,
renovar,renew,
renunciar,renounce,
renovar,renovate,
alugar,rent,aluguel
reabrir,reopen,
reordenar,reorder,
reorganizar,reorganize,
reorientar,reorient,
repintar,repaint,
reparar,repair,reparação
repatriar,repatriate,
pagar,repay,
revogar,repeal,revogação
repetir,repeat,repetição
repelir,repel,
arrepender-se,repent,
reformular,rephrase,reformular a frase
substituir,replace,
replantar,replant,plantar de novo
repetir,replay,repetição
reabastecer,replenish,
replicar,replicate,repetir
responder,reply,
reportar,report,relatório
reposicionar,reposition,
reaver,repossess,
representar,represent,
reprimir,repress,
reprimendar,reprimand,reprimenda
reimprimir,reprint,reimpressão
censurar,reproach,censura
reproduzir,reproduce,
repudiar,repudiate,
repulsar,repulse,repulsa
requisitar,request,pedido
requerer,require,exigir
requisitar,requisition,requisição
reler,reread,
redirecionar,reroute,
reprisar,rerun,reprise
remarcar,reschedule,
rescindir,rescind,
resgatar,rescue,resgate
pesquisar,research,pesquisa
revender,resell,
assemelhar,resemble,
ressentir,resent,
reservar,reserve,reserva
restabelecer,reset,
remodelar,reshape,
remodelar,reshuffle,remodelação
residir,reside,
demitir-se,resign,
resistir,resist,
resolver,resolve,
respeitar,respect,respeito
responder,respond,
descansar,rest,resto
reiniciar,restart,
reapresentar,restate,
reabastecer,restock,
restaurar,restore,
conter,restrain,
restringir,restrict,
reestruturar,restructure,
reenviar,resubmit,
voltar,resume,currículo
ressurgir,resurface,
ressuscitar,resurrect,
ressuscitar,resuscitate,
vender,retail,varejo
reter,retain,
retomar,retake,
retaliar,retaliate,
retardar,retard,
recontar,retell,
repensar,rethink,
aposentar,retire,
reequipar,retool,
replicar,retort,réplica
retraçar,retrace,
retrair,retract,
retreinar,retrain,
retirar,retreat,retiro
recuperar,retrieve,
remodelar,retrofit,retrofit
tentar,retry,tentar novamente
retornar,return,retorno
reunificar,reunify,
reunir,reunite,
reutilizar,reuse,reutilização
revalorizar,revalue,
glamourizar,revamp,revamp
revelar,reveal,
vingar,revenge,vingança
reverenciar,revere,
reverter,reverse,
revisar,review,revisão
insultar,revile,injuriar
revisar,revise,revisão
revisitar,revisit,
revitalizar,revitalise,
revitalizar,revitalize,
reviver,revive,
revogar,revoke,
revolucionar,revolutionize,
recompensar,reward,recompensa
religar,rewire,
retrabalhar,rework,retrabalho
reescrever,rewrite,
,rib,costela
livrar,rid,
interrogar,riddle,enigma
passear,ride,passeio
ridicularizar,ridicule,ridículo
,rifle,rifle
equipar,rig,equipamento
irritar,rile,
anelar,ring,anel
enxaguar,rinse,
rasgar,rip,Descanse em paz
amadurecer,ripen,
subir,rise,
arriscar,risk,risco
rebitar,rivet,rebite
rugir,roar,rugido
assar,roast,assado
roubar,rob,
vestir,robe,robe
balançar,rock,rocha
turvar,roil,
rolar,roll,rolo
romantizar,romanticize,
,roof,telhado
apodrecer,rot,podridão
rodar,rotate,
rusticar,rough,áspero
voltar,round,volta
despertar,rouse,
derrotar,rout,derrota
rotear,route,rota
alinhar,row,linha
esfregar,rub,
emborrachar,rubber,borracha
carimbar,rubberstamp,rubberstamp
irritar,ruffle,
arruinar,ruin,ruína
mandar,rule,regra
executar,run,
romper,rupture,ruptura
arremeter,rush,arremetida
sussurrar,rustle,sussurro
sabotar,sabotage,
,sabre,sabre
demitir,sack,saco
sacrificar,sacrifice,sacrifício
entristecer,sadden,
selar,saddle,sela
salvaguardar,safeguard,
ceder,sag,
velejar,sail,vela
salgar,salt,sal
saudar,salute,saudação
salvar,salvage,salvamento
salvar,salve,salve
amostrar,sample,amostra
santificar,sanctify,
sancionar,sanction,sanção
polir,sand,areia
,sandbag,saco de areia
,sandblast,tufão de areia
higienizar,sanitize,
,sap,seiva
saciar,sate,
satirizar,satirize,
satisfazer,satisfy,
saturar,saturate,
refogar,saute,refogue
,savage,selvagem
salvar,save,
saborear,savor,
dizer,say,
escaldar,scald,escaldadura
aumentar,scale,escala
escalpar,scalp,couro cabeludo
varrer,scan,varredura
escassear,scant,escasso
assustar,scare,susto
,scarf,cachecol
espalhar,scatter,
limpar,scavenge,
organizar,schedule,horário
zombar,scoff,
repreender,scold,
colher,scoop,
queimar,scorch,
contar,score,contagem
desprezar,scorn,desprezo
limpar,scour,
bater,scout,escoteiro
mexer,scramble,subida
inutilizar,scrap,fragmento
raspar,scrape,
arranhar,scratch,arranhão
rabiscar,scrawl,rabisco
gritar,scream,
guinchar,screech,guincho
filtrar,screen,tela
aparafusar,screw,parafuso
rabiscar,scribble,rabisco
esfregar,scrub,esfrega
triturar,scrunch,
escrutinar,scrutinize,
,scull,catraia
esculpir,sculpt,
esculpir,sculpture,escultura
,scupper,embornal
selar,seal,selo
selar,sear,sear
pesquisar,search,pesquisa
temperar,season,temporada
sentar ,seat,assento
isolar,seclude,
secundar,second,segundo
adivinhar,secondguess,secondguess
esconder,secrete,
secionar,section,seção
proteger,secure,
sedar,sedate,calmo
seduzir,seduce,
ver,see,
semear,seed,semente
buscar,seek,
segregar,segregate,
apreender,seize,
selecionar,select,
vender,sell,
enviar,send,
sentir,sense,sentido
sensibilizar,sensitize,
sentenciar,sentence,sentença
separar,separate,separado
sequenciar,sequence,seqüência
seqüestrar,sequester,
serenar,serenade,serenata
serializar,serialize,seriar
servir,serve,
servir,service,serviço
colocar,set,conjunto
resolver,settle,
cortar,sever,
costurar,sew,
algemar,shackle,manilha
,shade,sombra
tremer,shake,
envergonhar,shame,vergonha
ensaboar,shampoo,xampu
moldar,shape,forma
dividir,share,ação
aguçar,sharpen,
quebrar,shatter,
tosquiar,shear,
embainhar,sheathe,
derramar,shed,
,sheer,puro
,shell,concha
abrigar,shelter,abrigo
arquivar,shelve,
proteger,shield,
mudar,shift,mudança
brilhar,shine,brilho
atelhar,shingle,telha
enviar,ship,navio
esquivar,shirk,
chocar,shock,choque
enxotar,shoo,
atirar,shoot,
comprar,shop,loja
furtar,shoplift,
encurtar,short,curto
,short-change,enganar no troco
encurtar,shorten,
suportar,shoulder,ombro
gritar,shout,grito
empurrar,shove,empurrão
cavar,shovel,pá
mostrar,show,exposição
chover,shower,chuveiro
desfiar,shred,farrapo
guinchar,shriek,guincho
encolher,shrink,
amortalhar,shroud,mortalha
embaralhar,shuffle,
esquivar,shun,
desviar,shunt,desvio
fechar,shut,
fechar,shutter,persiana
adoecer,sicken,
contornar,sidestep,
,sideswipe,golpe de lado
peneirar,sift,
suspirar,sigh,suspiro
ver,sight,vista
assinar,sign,sinal
sinalizar,signal,sinal
significar,signify,
silenciar,silence,silêncio
pratear,silver,prata
ferver,simmer,
simplificar,simplify,
simular,simulate,
cantar,sing,
chamuscar,singe,
afundar,sink,pia
sorver,sip,sorvo
sifonar,siphon,sifão
,sire,pai
sentar,sit,
esboçar,sketch,esboço
enviesar,skew,enviesado
empalar,skewer,espada
derrapar,skid,derrapagem
desnatar,skim,
despelar,skin,pele
pular,skip,
contornar,skirt,saia
afrouxar,slacken,
bater,slam,batida
caluniar,slander,calúnia
estapear,slap,tapa
cortar,slash,barra
,slat,ripa
,slate,ardósia
chacinar,slaughter,chacina
matar,slay,
fatiar,slice,fatia
alisar,slick,liso
deslizar,slide,slide
tropeçar,slip,deslize
abrir,slit,fenda
lascar,sliver,lasca de madeira
estafar,slog,estafa
encaixar,slot,ranhura
demorar,slow,lento
demorar,slug,lesma
amontoar,slum,favela
caluniar,slur,estigma
,slurp,mastigar fazendo barulho
beijar,smack,beijoca
quebrar,smash,quebra
borrar,smear,borrão
cheirar,smell,cheiro
fundir,smelt,fundição
fumar,smoke,fuma
suavizar,smooth,suave
sufocar,smother,
contrabandear,smuggle,
,snag,protuberância
estalar,snap,estalo
arapucar,snare,cilada
rosnar,snarl,rosnado
arrebatar,snatch,
esgueirar,sneak,
farejar,sniff,
cortar,snip,recorte
,snooker,sinuca
bufar,snort,
esnobar,snub,arrebitado
embeber,soak,
,sober,sóbrio
socializar,socialize,
guardar,sock,meia
sodomizar,sodomize,
atenuar,soft-pedal,
amolecer,soften,
solicitar,solicit,
solidificar,solidify,
resolver,solve,
acalmar,soothe,
sofisticar,sophisticate,
classificar,sort,tipo
parecer,sound,
,soundproof,à prova de som
azedar,sour,azedo
semear,sow,
separar,space,espaço
abranger,span,palmo
espancar,spank,palmada
,spare,sobressalente
faiscar,spark,faísca
borrifar,spatter,borrifo
,spawn,prole
falar,speak,
lançar,spear,lança
arremeter,spearhead,ponta de lança
especializar,specialize,
especificar,specify,
salpicar,speckle,
especular,speculate,
,speed,velocidade
soletrar,spell,
gastar,spend,
vomitar,spew,
temperar,spice,tempero
,spike,prego
derramar,spill,
rodar,spin,rotação
cuspir,spit,espeto
despeitar,spite,despeito
salpicar,splash,salpico
,splatter,ondular
emendar,splice,
dividir,split,divisão
estragar,spoil,
patrocinar,sponsor,patrocinador
arremedar,spoof,spoof
servir,spoon,colher
,sport,esporte
olhar,spot,local
enfatizar,spotlight,holofote
torcer,sprain,entorse
espalhar,spray,spray
espalhar,spread,propagação
borrifar,sprinkle,
incentivar,spur,espora
desprezar,spurn,tratar com desprezo
espionar,spy,espião
desperdiçar,squander,
apertar,squeeze,aperto
esmagar,squelch,
,squire,escudeiro
espremer,squish,sair em jato
esfaquear,stab,facada
estabilizar,stabilise,
estabilizar,stabilize,
estabilizar,stable,estável
estabilizar,stablize,stablize
empilhar,stack,pilha
empregar,staff,pessoal
encenar,stage,etapa
manchar,stain,mancha
estacar,stake,estaca
perseguir,stalk,pedúnculo
tender,stall,tenda
debandar,stampede,debandada
estancar,stanch,
suportar,stand,suporte
uniformizar,standardize,
grampear,staple,grampo
estrelar,star,estrela
começar,start,começo
assustar,startle,
,starve,morrer de fome
esconder,stash,
afirmar,state,estado
estacionar,station,estação
,staunch,acérrimo
impedir,stave,aduela
ficar,stay,
estabilizar,steady,estável
roubar,steal,
,steam,vapor
enrijecer,steel,aço
,steep,íngreme
dirigir,steer,
originar,stem,haste
estereotipar,stereotype,estereótipo
esterilizar,sterilize,
ensopar,stew,ensopado
colar,stick,vara
enrijecer,stiffen,
sufocar,stifle,
estigmatizar,stigmatize,
estimular,stimulate,
ferrar,sting,ferrão
estipular,stipulate,
remexer,stir,rebuliço
costurar,stitch,ponto
armazenar,stock,estoque
reservar,stockpile,reserva
,stoke,Stoke
engulir,stomach,estômago
apedrejar,stone,pedra
calar,stonewall,stonewall
descer,stoop,varanda
parar,stop,Pare
guardar,store,loja
,storm,tempestade
guardar,stow,arrumar
estender,straddle,pernalta
,strafe,bombardeamento
endireitar,straighten,
estirar,strain,tensão
,strand,costa
estrangular,strangle,
prender,strap,cinta
riscar,streak,risca
correr,stream,córrego
simplificar,streamline,
fortalecer,strengthen,
estressar,stress,estresse
estender,stretch,trecho
espalhar,strew,
atacar,strike,greve
ligar,string,corda
desnudar,strip,tira
golpear,stroke,golpe
estruturar,structure,estrutura
martelar,strum,
começar,stub,toco
estudar,study,estudo
estufar,stuff,coisas
confundir,stump,toco
atordoar,stun,
,stunt,façanha
estilar,style,estilo
,stymie,stymie
,stymy,stymy
subcontratar,subcontract,subempreitada
subdividir,subdivide,
entristecer,subdue,subjugar
subjugar,subject,assunto
subjugar,subjugate,
sublocar,sublet,
sublimar,sublimate,sublimado
submergir,submerge,
submeter,submit,
subordinar,subordinate,subordinado
subornar,suborn,
intimar,subpoena,intimação
subscrever,subscribe,
subsidiar,subsidize,
fundamentar,substantiate,
substituir,substitute,substituto
subtrair,subtract,
subverter,subvert,
suceder,succeed,
chupar,suck,
processar,sue,
sofrer,suffer,
sufocar,suffocate,
inundar,suffuse,
açucarar,sugar,açúcar
adoçar,sugarcoat,
sugerir,suggest,
servir,suit,terno
sujar,sully,
sumarizar,summarize,resumir
convocar,summon,
,sunbathe,tomar sol
sobrepor,superimpose,
suplantar,supersede,
supervisionar,supervise,
suplementar,supplement,suplemento
fornecer,supply,fornecimento
apoiar,support,apoio
supor,suppose,
suprimir,suppress,
aflorar,surface,superfície
superar,surmount,
superar,surpass,
surpreender,surprise,surpresa
render-se,surrender,rendição
cercar,surround,
examinar,survey,exame
sobreviver,survive,
suspeitar,suspect,suspeito
suspender,suspend,
sustentar,sustain,
,swab,cotonete
enrolar,swaddle,cueiros
engolir,swallow,
inundar,swamp,pântano
trocar,swap,troca
golpear,swat,golpe
balançar,sway,
jurar,swear,
varrer,sweep,varredura
adoçar,sweeten,
inchar,swell,
desviar,swerve,
bebericar,swig,gole
enxaguar,swill,
nadar,swim,natação
burlar,swindle,burla
balançar,swing,balanço
açoitar,swinge,
passar,swipe,pancada forte
redemoinhar,swirl,redemoinho
sibilar,swish,
interromper,switch,interruptor
girar,swivel,suporte giratório
,swoop,swoop
simbolizar,symbolize,
simpatizar,sympathize,
sincronizar,synchronize,
sintetizar,synthesize,
agendar,table,mesa
tabular,tabulate,
atacar,tackle,equipamento
etiquetar,tag,etiqueta
seguir,tail,cauda
,tailgate,porta traseira
,tailor,alfaiate
macular,taint,mácula
tomar,take,
conversar,talk,conversa
medir,tally,talha
domar,tame,
atormentar,tantalize,
usar,tap,torneira
colar,tape,fita
betumizar,tar,alcatrão
focar,target,alvo
manchar,tarnish,mancha
provar,taste,gosto
sacanear,taunt,sarcasmo
taxar,tax,imposto
ensinar,teach,
lacrimejar,tear,lágrima
,teargas,gás lacrimogéneo
provocar,tease,arrelia
,tee,tee
televisionar,telecast,
telefonar,telephone,telefone
televisionar,televise,
dizer,tell,
temperar,temper,temperamento
seduzir,tempt,
tender,tend,
tenderizar,tender,tenro
amaciar,tenderize,
tensionar,tense,tenso
aprazar,term,prazo
terminar,terminate,
,terrace,terraço
aterrorizar,terrify,
aterrorizar,terrorize,
testar,test,teste
agradecer,thank,agradecimento
descongelar,thaw,degelo
engrossar,thicken,
afinar,thin,fino
bater,thrash,
enfiar,thread,fio
ameaçar,threaten,
emocionar,thrill,emoção
,throng,multidão
estrangular,throttle,regulador de pressão
jogar,throw,
impulsionar,thrust,impulso
baquear,thump,baque
frustrar,thwart,
marcar,tick,assinale
multar,ticket,bilhete
,tide,maré
amarrar,tie,
apertar,tighten,
tingir,tint,matiz
apontar,tip,ponta
cansar,tire,pneu
titilar,titillate,
intitular,title,título
brindar,toast,brinde
tolerar,tolerate,
,toll,pedágio
firmar,tone,tom
apitar,toot,apito
ultrapassar,top,topo
tombar,topple,
queimar,torch,tocha
tormentar,torment,tormento
torpedear,torpedo,torpedo
torturar,torture,tortura
jogar,toss,lançá
destruir,total,total
carregar,tote,tote
tocar,touch,toque
endurecer,toughen,
excursionar,tour,excursão
rebocar,tow,reboque
traçar,trace,traço
seguir,track,caminho
comerciar,trade,comércio
trilhar,trail,trilha
treinar,train,trem
pisar,trample,
transcender,transcend,
transcrever,transcribe,
transferir,transfer,transferência
transfixar,transfix,
transformar,transform,
transgredir,transgress,
traduzir,translate,
transmitir,transmit,
transplantar,transplant,transplante
transportar,transport,transporte
baldear,transship,
,trap,armadilha
,trash,lixo
traumatizar,traumatize,
atravessar,traverse,
pisar,tread,piso
,treasure,tesouro
tratar,treat,
trespassar,trespass,transgressão
enganar,trick,truque
disparar,trigger,gatilho
aparar,trim,
viajar,trip,viagem
triplicar,triple,triplo
triunfar,triumph,
trivializar,trivialize,banalizar
cantarolar,troll,
trotar,trot,trote
dificultar,trouble,dificuldade
solucionar,troubleshoot,solucionar problemas
açoitar,trounce,
,trump,trunfo
trompetear,trumpet,trombeta
truncar,truncate,
confiar,trust,confiança
tentar,try,
,tuck,arregaçar
rebocar,tug,rebocador
quedar,tumble,queda
sintonizar,tune,sintonia
virar,turn,vez
tutelar,tutor,tutor
puxar,tweak,puxão
cintilar,twinkle,
piruetar,twirl,pirueta
torçer,twist,torção
datilografar,type,tipo
tipificar,typify,
desarmar,unarm,
desobstruir,unblock,
desatar,unbuckle,
desabotoar,unbutton,
desarrolhar,uncork,
descobrir,uncover,
,undercut,undercut
subestimar,underestimate,
submeter-se,undergo,
subjazer,underlie,subjazem
sublinhar,underline,
sabotar,undermine,minar
subempregar,underpay,underpay
sustentar,underpin,
subestimar,underplay,
sublinhar,underscore,
,undersell,undersell
entender,understand,
minimizar,understate,
empreender,undertake,
subestimar,undervalue,
subscrever,underwrite,
desfazer,undo,
despir,undress,
desenterrar,unearth,
desdobrar,unfold,
descongelar,unfreeze,
desfraldar,unfurl,
transtornar,unhinge,
desenganchar,unhook,
uniformizar,uniform,uniforme
unificar,unify,
desinstalar,uninstall,desinstalação
sindicalizar,unionize,
soltar,unleash,
descarregar,unload,
destravar,unlock,
enervar,unnerve,
desempacotar,unpack,
desligar,unplug,
deslindar,unravel,
desenrolar,unroll,
desembaralhar,unscramble,
desaparafusar,unscrew,
deslacrar,unseal,quebrar o lacre a
destituir,unseat,
abalar,unsettle,
desembaraçar,untangle,
desatar,untie,
revelar,unveil,
desenrolar,unwind,
desembrulhar,unwrap,
,unzip,unzip
censurar,upbraid,
atualizar,update,
atualizar,upgrade,atualização
apoiar,uphold,
estofar,upholster,
elevar,uplift,elevação
levantar,upload,fazer upload
desenraizar,uproot,
chatear,upset,chateado
instar,urge,
usar,use,
direcionar,usher,porteiro
usurpar,usurp,
utilizar,utilise,
utilizar,utilize,
proferir,utter,
desocupar,vacate,
vacinar,vaccinate,vacinação
aspirar,vacuum,vácuo
validar,validate,
valorizar,value,valor
vandalizar,vandalize,
vencer,vanquish,
vaporizar,vaporize,
variar,vary,
guardar,vault,abóbada
,veil,véu
venerar,venerate,
ventilar,vent,respiradouro
ventilar,ventilate,
verificar,verify,
vetar,vet,veterinário
vetar,veto,veto
aborrecer,vex,
vitimar,victimize,
gravar,videotape,fita de vídeo
ver ,view,vista
vilipendiar,vilify,
vindicar,vindicate,
violar,violate,
visitar,visit,visita
visualizar,visualize,
vitalizar,vitalize,
viciar,vitiate,                                                                                                                                                                                                                                                                                                                                                                                                                                                                                                                                                                                                                                                                                                                                                                                                                                                                                                                                                                                                                                                                                                                                                                                                                                                                                                                                                                                                                                                                                                                                                                                                                                                                                                                                                                                                                                                                                                                                                                                                                                                                                                                                                                                                                                                                                                                                                                                                                                                                                                                                                                                         
dizer,voice,voz
esvaziar,void,vazio
saraivar,volley,saraivada
voluntariar,volunteer,voluntário
votar,vote,voto
,vow,voto
viajar,voyage,viagem
,wag,gaiato
apostar,wager,aposta
esperar,wait,
renunciar,waive,
acordar,wake,
andar,walk,
emparedar,wall,parede
,wallop,soco
querer,want,
gorjear,warble,gorjeio
aquecer,warm,quente
advertir,warn,
urdir,warp,urdidura
garantir,warrant,garantia
lavar,wash,lavagem
observar,watch,
aguar,water,água
acenar,wave,onda
encerar,wax,cera
emboscar,waylay,atacar de surpresa
enfraquecer,weaken,
desmamar,wean,
desgastar,wear,desgaste
resistir,weather,tempo
tecer,weave,
casar,wed,
,wedge,cunha
,weed,erva daninha
pesar,weigh,
pesar,weight,peso
,welcome,bem-vindo
soldar,weld,
dirigir-se,wend,
molhar,wet,molhado
bater,whack,
rolar,wheel,roda
afiar,whet,
,whiff,lufada
chicotear,whip,chicote
,whirl,turbilhão
bater,whisk,batedor
sussurrar,whisper,sussurro
branquear,white,branco
branquear,whiten,
caiar,whitewash,cal
gritar,whoop,grito
ampliar,widen,
enviuvar,widow,viúva
empunhar,wield,
menear,wiggle,meneio
ganhar,win,
guinchar,winch,guincho
ventar,wind,vento
piscar,wink,piscadela
joeirar,winnow,
limpar,wipe,
,wire,arame
gravar,wiretap,escuta
desejar,wish,desejo
retirar,withdraw,
reter,withhold,
resistir,withstand,
testemunhar,witness,testemunha
devorar,wolf,lobo
cortejar,woo,
dizer,word,palavra
trabalhar,work,trabalho
preocupar-se,worry,
piorar,worsen,
adorar,worship,adoração
ferir,wound,ferida
destruir,wrack,sargaço
envolver,wrap,
desafogar,wreak,
naufragar,wreck,naufrágio
tirar,wrest,
torcer,wring,
enrugar,wrinkle,ruga
escrever,write,
,wrong,errado
puxar,yank,puxão
gritar,yell,
acovardar,yellow,amarelo
render,yield,rendimento
zapar,zap,zap
,zip,zip
zonear,zone,zona
